id,institution_name,city,state,institution_type,enrollment, endowment_fy_20 ,hbcu_indicator,carnegie_category
166027,Harvard University,Cambridge,MA,Private college/university endowment,24610,40575027,2,4
229090,University of Texas System,Austin,TX,Public college university or system fund,190308,31958313.03,2,0
130794,Yale University,New Haven,CT,Private college/university endowment,13539,31201700,2,4
243744,Stanford University,Stanford,CA,Private college/university endowment,16793,28948000,2,4
186131,Trustees of Princeton University,Princeton,NJ,Private college/university endowment,7795,26558642.96,2,4
166683,Massachusetts Institute of Technology,Cambridge,MA,Private college/university endowment,11415,18495905,2,4
215062,Trustees of the University of Pennsylvania,Philadelphia,PA,Private college/university endowment,23770,14877362.72,2,4
228732,The Texas A&M University System & Related Foundationsi,College Station,TX,Public college university or system fund,122605,13594481.56,2,0
170976,University of Michigan,Ann Arbor,MI,Public college university or system fund,58389,12476874,2,4
124557,Regents of the University of California,Oakland,CA,Public college university or system fund,216904,12141761.59,2,0
152080,University of Notre Dame,Notre Dame,IN,Private college/university endowment,12494,11962820,2,4
190150,The Trustees of Columbia University,New York,NY,Private college/university endowment,28143,11257021,2,4
147767,Northwestern University,Evanston,IL,Private college/university endowment,19208,10926510,2,4
198419,Duke University,Durham,NC,Private college/university endowment,15852,8474070.62,2,4
179867,Washington University,Saint Louis,MO,Private college/university endowment,14475,8420497.128,2,4
144050,The University of Chicago,Chicago,IL,Private college/university endowment,16611,8204461,2,4
139658,Emory University,Atlanta,GA,Private college/university endowment,14391,7936987.718,2,4
234076,University of Virginia,Charlottesville,VA,Public college university or system fund,23618,7255701.219,2,4
190415,Cornell University,Ithaca,NY,Private college/university endowment,25354,7218687.574,2,4
221999,Vanderbilt University,Nashville,TN,Private college/university endowment,12412,6917370.8,2,4
162928,The Johns Hopkins University,Baltimore,MD,Private college/university endowment,19241,6750092,2,4
227757,Rice University,Houston,TX,Private college/university endowment,7068,6163926.275,2,4
182670,Dartmouth College,Hanover,NH,Private college/university endowment,6531,5975180,2,4
123961,University of Southern California,Los Angeles,CA,Private college/university endowment,43772,5914358.242,2,4
204796,The Ohio State University,Columbus,OH,Public college university or system fund,61990,5287131.203,2,4
217156,Brown University,Providence,RI,Private college/university endowment,9848,4377466,2,4
193900,New York Universityii,New York,NY,Private college/university endowment,52694,4323652.125,2,4
215293,University of Pittsburgh,Pittsburgh,PA,Public college university or system fund,31745,4172380,2,4
174066,University of Minnesota & Foundationiii,Minneapolis,MN,Combined endowment/foundation,59643,3871526,2,4
199120,University of North Carolina at Chapel Hill and Foundations,Chapel Hill,NC,Public college university or system fund,28127,3712117.454,2,4
214777,The Pennsylvania State University,University Park,PA,Public college university or system fund,79966.3,3402938.004,2,4
240444,University of Wisconsin Foundation,Madison,WI,Institutionally-related foundation (IRF),41748,3178686.769,2,4
236948,University of Washington,Seattle,WA,Public college university or system fund,59521,3075651.05,2,4
171100,Michigan State University,East Lansing,MI,Public college university or system fund,45731.7,3068700,2,4
110662,UCLA Investment Company,Los Angeles,CA,Institutionally-related foundation (IRF),45930,2880224.844,2,4
168342,Williams College,Williamstown,MA,Private college/university endowment,2044,2841360.34,2,2
110404,California Institute of Technology,Pasadena,CA,Private college/university endowment,2237,2837600,2,4
211440,Carnegie Mellon Universityiv,Pittsburgh,PA,Private college/university endowment,14198,2670759.86,2,4
243780,Purdue University,West Lafayette,IN,Combined endowment/foundation,56705.99,2590025.6,2,4
164924,Trustees of Boston College,Chestnut Hill,MA,Private college/university endowment,13496,2577000,2,4
164465,Amherst College,Amherst,MA,Private college/university endowment,1839,2565147.877,2,2
153658,University of Iowa & Foundations,Iowa City,IA,Public college university or system fund,,2525508,2,4
164988,Boston University,Boston,MA,Private college/university endowment,27832,2426266.071,2,4
151351,Indiana University Foundation,Bloomington,IN,Combined endowment/foundation,81429.6,2425927.319,2,4
233374,University of Richmond,Richmond,VA,Private college/university endowment,3587.33,2410767.72,2,2
149587,University of Illinois & Foundationv,Urbana,IL,Combined endowment/foundation,79775,2403812.76,2,0
195030,University of Rochester,Rochester,NY,Private college/university endowment,10786,2329949,2,4
195049,The Rockefeller University,New York,NY,Private college/university endowment,200,2316968.032,2,4
168218,Wellesley College,Wellesley,MA,Private college/university endowment,2439,2285397,2,2
121345,Pomona College,Claremont,CA,Private college/university endowment,1610,2257398.592,2,2
139755,Georgia Institute of Technology and Related Foundations,Atlanta,GA,Public college university or system fund,25829,2169706.786,2,4
110635,University of California Berkeley Foundation,Berkeley,CA,Institutionally-related foundation (IRF),42107,2117306.02,2,4
216287,Swarthmore College,Swarthmore,PA,Private college/university endowment,1592,2103670,2,2
153384,Trustees of Grinnell College,Grinnell,IA,Private college/university endowment,1711,2090750.446,2,2
110699,University of California San Francisco Foundation,San Francisco,CA,Institutionally-related foundation (IRF),3212,2014858.582,2,5
234030,Virginia Commonwealth University and Affiliated Entities,Richmond,VA,Institutionally-related foundation (IRF),26742,1992337.915,2,4
,University of Toronto,Toronto,ON,Public college university or system fund,82311,1908370.335,,0
167835,Smith College,Northampton,MA,Private college/university endowment,2873,1907178,2,2
168148,Tufts University,Medford,MA,Private college/university endowment,11239,1889477,2,4
131496,Georgetown University,Washington,DC,Private college/university endowment,16470,1863711,2,4
201645,Case Western Reserve University,Cleveland,OH,Private college/university endowment,11076,1850806.319,2,4
134130,University of Florida Foundation Inc.,Gainesville,FL,Institutionally-related foundation (IRF),51882,1846611.02,2,4
155317,The Kansas University Endowment Association,Lawrence,KS,Combined endowment/foundation,25760,1805835.528,2,4
131469,George Washington University,Washington,DC,Private college/university endowment,23375,1802656.169,2,4
161004,Bowdoin College,Brunswick,ME,Private college/university endowment,1834,1782277.72,2,2
181464,University of Nebraska Board of Regents,Lincoln,NE,Public college university or system fund,43735,1735304.934,2,4
178439,University of Missouri System,Columbia,MO,Public college university or system fund,52609,1732507.814,2,0
232557,Liberty University,Lynchburg,VA,Private college/university endowment,59626,1714462.565,2,4
228875,Texas Christian University,Fort Worth,TX,Private college/university endowment,10630,1675488.765,2,4
228246,Southern Methodist University,Dallas,TX,Private college/university endowment,10401.6,1650089.475,2,4
234207,Washington & Lee University,Lexington,VA,Private college/university endowment,2254,1630163,2,2
128300,University of Colorado Foundation,Denver,CO,Institutionally-related foundation (IRF),67788,1527946.095,2,0
164146,The University System of Maryland Foundation,Baltimore,MD,Institutionally-related foundation (IRF),,1495913.349,2,0
186380,Rutgers The State University of New Jersey,New Brunswick,NJ,Public college university or system fund,62491,1484381.274,2,4
130943,University of Delaware,Newark,DE,Private college/university endowment,22363,1453189.477,2,4
160755,Tulane University,New Orleans,LA,Private college/university endowment,12784,1445654,2,4
100733,The Board of Trustees of the University of Alabama,Tuscaloosa,AL,Public college university or system fund,59754,1419860.154,2,0
199193,NC State University and Related Foundations,Raleigh,NC,Combined endowment/foundation,31295,1417705,2,4
201885,University of Cincinnati,Cincinnati,OH,Public college university or system fund,46388,1395847,2,4
196413,Syracuse University,Syracuse,NY,Private college/university endowment,20438,1390552.629,2,4
223232,Baylor University,Waco,TX,Private college/university endowment,17253,1385550,2,4
213543,Lehigh University,Bethlehem,PA,Private college/university endowment,6414,1369900,2,4
139959,The University of Georgia and Related Foundations,Athens,GA,Combined endowment/foundation,38920,1362445.927,2,4
199847,Wake Forest University,Winston-Salem,NC,Private college/university endowment,8122.33,1350187,2,4
233921,Virginia Tech Foundation,Blacksburg,VA,Institutionally-related foundation (IRF),33617,1337914.768,2,4
221722,The University of Tennessee,Knoxville,TN,Public college university or system fund,43696,1335066.201,,0
157085,University of Kentucky,Lexington,KY,Public college university or system fund,27335,1312971,2,4
229115,Texas Tech University System,Lubbock,TX,Public college university or system fund,47695,1284698.21,2,4
229267,Trinity University,San Antonio,TX,Private college/university endowment,2548,1270289.687,2,3
,UBC Investment Management Trust (University of British Columbia),Vancouver,BC,Public college university or system fund,66747,1266230.38,,0
156295,Berea College,Berea,KY,Private college/university endowment,1702,1252985.1,2,2
239169,The Medical College of Wisconsin,Milwaukee,WI,Private college/university endowment,1478,1234661.706,2,5
,McGill University,Montreal,QC,Public college university or system fund,34780,1221145.006,,0
207388,Oklahoma State University Foundation,Stillwater,OK,Public college university or system fund,20545,1210666.788,2,4
108056,University of Arkansas at Fayetteville and Foundation,Little Rock,AR,Public college university or system fund,23899,1209277.29,2,0
,University of Alberta,Edmonton,AB,Public college university or system fund,37059,1203973.462,,0
223223,Baylor College of Medicine,Houston,TX,Private college/university endowment,1577,1201055,2,5
179159,Saint Louis University,Saint Louis,MO,Private college/university endowment,11797,1197420.728,2,4
230959,Middlebury College,Middlebury,VT,Private college/university endowment,3220,1133644,2,2
186122,Princeton Theological Seminary,Princeton,NJ,Private college/university endowment,348,1119902.075,2,5
153603,Iowa State University of Science and Technology,Ames,IA,Combined endowment/foundation,32077,1099458.061,2,4
197133,Vassar College,Poughkeepsie,NY,Private college/university endowment,2430,1097975.65,2,2
236939,Washington State University,Pullman,WA,Public college university or system fund,29137,1082750.013,2,4
165015,Brandeis University,Waltham,MA,Private college/university endowment,5479,1073589.247,2,4
230764,University of Utah,Salt Lake City,UT,Public college university or system fund,28624,1071908.12,2,4
207971,University of Tulsa,Tulsa,OK,Private college/university endowment,4209,1071327.293,2,4
167358,Northeastern University,Boston,MA,Private college/university endowment,27997,1069470,2,4
130697,Wesleyan University,Middletown,CT,Private college/university endowment,3118.7,1052631,2,2
135726,University of Miamivi,Coral Gables,FL,Private college/university endowment,17191.1,1050754.203,2,4
117636,Loma Linda University,Loma Linda,CA,Private college/university endowment,4800,1037471.134,2,5
110653,University of California Irvine Foundation,Irvine,CA,Institutionally-related foundation (IRF),37629,1036416.818,2,4
122931,Santa Clara University,Santa Clara,CA,Private college/university endowment,8256,1034167,2,4
191515,Hamilton College,Clinton,NY,Private college/university endowment,1896,1020321,2,2
229407,University of Houston System,Houston,TX,Public college university or system fund,58792,1013075.623,2,0
104179,The University of Arizona and the University of Arizona Foundation,Tucson,AZ,Combined endowment/foundation,39319,983848.32,2,4
139144,Berry College,Mount Berry,GA,Private college/university endowment,1995,981510.692,2,3
231624,William & Mary and Foundations,Williamsburg,VA,Combined endowment/foundation,8143,967685.235,2,4
190099,Colgate University,Hamilton,NY,Private college/university endowment,2982,959737,2,2
104151,Arizona State University & Foundation,Tempe,AZ,Combined endowment/foundation,119951,958682.384,2,4
159638,Louisiana State University Systemvii,Baton Rouge,LA,Public college university or system fund,41907,955513.691,,0
204501,Oberlin College,Oberlin,OH,Private college/university endowment,2846,954934.342,2,2
195003,Rochester Institute of Technology,Rochester,NY,Private college/university endowment,15147,947141.384,2,4
,Carnegie Institution of Washington,Washington,DC,Combined endowment/foundation,,926879.655,,0
209551,University of Oregon Foundation,Eugene,OR,Institutionally-related foundation (IRF),22034,912452.558,2,4
198385,Davidson College,Davidson,NC,Private college/university endowment,1837,905857.948,2,2
202523,Denison University,Granville,OH,Private college/university endowment,2273,904771.529,2,2
166665,University of Massachusetts Foundation,Boston,MA,Institutionally-related foundation (IRF),,895819.162,2,0
110680,UC San Diego Foundation,La Jolla,CA,Institutionally-related foundation (IRF),37565,893569.352,2,4
211273,Bryn Mawr College,Bryn Mawr,PA,Private college/university endowment,1656,887795.482,2,2
121150,Pepperdine University,Malibu,CA,Private college/university endowment,6842,881140,2,4
161086,The President and Trustees of Colby College,Waterville,ME,Private college/university endowment,2003,878323,2,2
173258,Carleton College,Northfield,MN,Private college/university endowment,2104,868695,2,2
112260,Claremont McKenna College,Claremont,CA,Private college/university endowment,1346,855451,2,2
211291,Bucknell University,Lewisburg,PA,Private college/university endowment,3637,844765,2,2
213385,Lafayette College,Easton,PA,Private college/university endowment,2643,839402,2,2
,Queen's University,Kingston,ON,Public college university or system fund,25260,832821.351,,0
209490,Oregon Health and Science University Foundationviii,Portland,OR,Combined endowment/foundation,2682.44,829697.005,2,5
216597,Villanova University,Villanova,PA,Private college/university endowment,9546,805425.222,2,4
183327,University System of New Hampshire & University of New Hampshire Foundation Inc.ix,Concord,NH,Combined endowment/foundation,23877,798694.606,2,0
212054,Drexel University,Philadelphia,PA,Private college/university endowment,20213,798335.024,2,4
166939,Trustees of Mount Holyoke College,South Hadley,MA,Private college/university endowment,2241,789036.745,2,2
196088,University at Buffalo Foundation,Buffalo,NY,Institutionally-related foundation (IRF),28413,788909.963,2,4
,Institute for Advanced Study,Princeton,NJ,Private college/university endowment,,784700,,0
218663,University of South Carolina and Affiliated Foundations,Columbia,SC,Combined endowment/foundation,46470,782784.165,2,4
100858,Auburn University and Foundation,Auburn,AL,Combined endowment/foundation,27512,780859.946,2,4
,American University of Beirut,New York,NY,Private college/university endowment,8879,779285.334,,0
127060,University of Denver,Denver,CO,Private college/university endowment,10068,772073.079,2,4
217882,Clemson University Foundation,Clemson,SC,Institutionally-related foundation (IRF),23684,770924.097,2,4
126678,The Colorado College,Colorado Springs,CO,Private college/university endowment,2104,768785.461,2,2
166124,College of the Holy Cross,Worcester,MA,Private college/university endowment,3174,767567,2,2
194824,Rensselaer Polytechnic Institute,Troy,NY,Private college/university endowment,7617,743164,2,4
144740,DePaul University,Chicago,IL,Private college/university endowment,19470,737037.24,2,4
,Oklahoma State Regents for Higher Education,Oklahoma City,OK,Public college university or system fund,62748,727676.907,,0
131159,American University,Washington,DC,Private college/university endowment,12242,720374.786,2,4
195809,St. John's University New Yorkx,Queens,NY,Private college/university endowment,16040,719681,2,4
157289,University of Louisville Foundation,Louisville,KY,Institutionally-related foundation (IRF),18537,715018.422,2,4
191241,Fordham University,Bronx,NY,Private college/university endowment,15400,712775,2,4
131520,Howard University,Washington,DC,Private college/university endowment,8991,712409.952,1,4
146719,Loyola University Chicago,Chicago,IL,Private college/university endowment,16155,710905,2,4
134097,Florida State University Foundation,Tallahassee,FL,Public college university or system fund,38029,699912.745,2,4
173902,Macalester College,Saint Paul,MN,Private college/university endowment,2082,697240.409,2,2
148016,The Principia Corporation,Elsah,IL,Private college/university endowment,403,696182.92,2,2
239105,Marquette University,Milwaukee,WI,Private college/university endowment,11819,693730.565,2,4
150400,DePauw University,Greencastle,IN,Private college/university endowment,1729,692896.381,2,2
176017,University of Mississippi Foundation,University,MS,Public college university or system fund,19969,674153.29,2,4
218070,Furman University,Greenville,SC,Private college/university endowment,2648,670014.077,2,2
216339,Temple University,Philadelphia,PA,Public college university or system fund,35385,641053,2,4
191649,Hofstra University,Hempstead,NY,Private college/university endowment,9758,637130.658,2,4
209542,Oregon State University Foundation,Corvallis,OR,Institutionally-related foundation (IRF),25316,628201.042,2,4
197708,Yeshiva University,New York,NY,Private college/university endowment,6089,615143.824,2,4
240435,University of Wisconsin System,Madison,WI,Public college university or system fund,142912,614239.04,2,0
238032,West Virginia University Foundation,Morgantown,WV,Institutionally-related foundation (IRF),27100,611335.968,2,4
202480,University of Dayton,Dayton,OH,Private college/university endowment,10616,609712,2,4
130590,Trinity College,Hartford,CT,Private college/university endowment,2150,605744.456,2,2
237057,Whitman College,Walla Walla,WA,Private college/university endowment,1546,586334.718,2,2
,Western University,London,ON,Combined endowment/foundation,31814,582652.907,,0
148511,Rush University Medical Center,Chicago,IL,Private college/university endowment,2755,581778.113,2,5
204857,Ohio University and The Ohio University Foundation,Athens,OH,Combined endowment/foundation,26309,579349.84,2,4
209922,Reed College,Portland,OR,Private college/university endowment,1440,569284.464,2,2
181002,Creighton University,Omaha,NE,Private college/university endowment,8192,565974.528,2,4
204024,Miami University Foundation,Oxford,OH,Public college university or system fund,22094,558401.679,2,4
240727,University of Wyoming Foundation,Laramie,WY,Institutionally-related foundation (IRF),10688,554948.977,2,4
,National Academy of Sciences,Washington,DC,Other,,553950.697,,0
130226,Quinnipiac University,Hamden,CT,Private college/university endowment,8701,545134.316,2,4
234085,Virginia Military Institute Foundation,Lexington,VA,Institutionally-related foundation (IRF),1705,539642.644,2,2
,Lebanese American University,New York,NY,Private college/university endowment,8109,533738.779,,0
122436,University of San Diego,San Diego,CA,Private college/university endowment,8415,532239.475,2,4
137351,University of South Florida Foundation,Tampa,FL,Institutionally-related foundation (IRF),41073,532155.863,2,4
174844,St. Olaf College,Northfield,MN,Private college/university endowment,3054,527239.253,2,2
155399,Kansas State University Foundation,Manhattan,KS,Institutionally-related foundation (IRF),,524200,2,4
,Whitehead Institute for Biomedical Research,Cambridge,MA,Other,,521317.096,,0
176080,Mississippi State University & Foundation,Mississippi State,MS,Public college university or system fund,20476.9,520549,2,4
,Medical College of Virginia Foundation,Richmond,VA,Institutionally-related foundation (IRF),26742,514488,,0
212911,Haverford College,Haverford,PA,Private college/university endowment,1315,510740,2,2
168421,Worcester Polytechnic Institute,Worcester,MA,Private college/university endowment,6122,505506,2,4
149781,Wheaton College,Wheaton,IL,Private college/university endowment,2724,502044,2,2
164580,Babson College,Wellesley,MA,Private college/university endowment,2985,488073.9,2,5
,Dalhousie University,Halifax,NS,Public college university or system fund,17983,486633.4122,,0
110644,UC Davis Foundation,Davis,CA,Institutionally-related foundation (IRF),37039,483940.914,2,4
117946,Loyola Marymount University,Los Angeles,CA,Private college/university endowment,9349,482817,2,4
178697,College of the Ozarks,Point Lookout,MO,Private college/university endowment,1480,480520.344,2,2
129020,The University of Connecticut Foundation,Storrs,CT,Public college university or system fund,28966,476181,2,4
196866,Union College,Schenectady,NY,Private college/university endowment,2179,474537.547,2,2
212106,Duquesne University of the Holy Spirit,Pittsburgh,PA,Private college/university endowment,8892,472072.359,2,4
222178,Abilene Christian Universityxi,Abilene,TX,Private college/university endowment,4701,456266.075,2,3
212009,Dickinson College,Carlisle,PA,Private college/university endowment,2119,452877.131,2,2
120883,University of the Pacific,Stockton,CA,Private college/university endowment,5933.7,446356.802,2,4
187985,University of New Mexico Foundation,Albuquerque,NM,Combined endowment/foundation,18833,442483.17,2,4
120254,Occidental College,Los Angeles,CA,Private college/university endowment,2066,439089.409,2,2
206084,University of Toledo Foundation,Toledo,OH,Institutionally-related foundation (IRF),16970,433659.253,2,4
122612,University of San Francisco,San Francisco,CA,Private college/university endowment,10298,430100.763,2,4
230728,Utah State University,Logan,UT,Public college university or system fund,22065,427442.344,2,4
165334,Trustees of Clark University,Worcester,MA,Private college/university endowment,3273,420631.415,2,4
221519,The University of the South,Sewanee,TN,Private college/university endowment,1691,419515.04,2,2
215123,Philadelphia College of Osteopathic Medicine,Philadelphia,PA,Private college/university endowment,2899,419418.617,2,5
203535,Kenyon College,Gambier,OH,Private college/university endowment,1738,419099.295,2,2
111948,Chapman Universityxii,Orange,CA,Private college/university endowment,8934.67,416599.956,2,4
172644,Wayne State University Foundation,Detroit,MI,Public college university or system fund,21795,401553.38,2,4
,Simon Fraser University,Burnaby,BC,Private college/university endowment,,398984,,0
172699,Western Michigan University Foundation,Kalamazoo,MI,Public college university or system fund,18589,396926.278,2,4
193654,The New School,New York,NY,Private college/university endowment,9966,393477.878,2,4
126818,Colorado State University Foundation,Fort Collins,CO,Institutionally-related foundation (IRF),28033.3,393123.484,2,4
,University of South Alabama Foundation,Mobile,AL,Combined endowment/foundation,12674,387123,,0
150455,Earlham College,Richmond,IN,Private college/university endowment,1005,380029.048,2,2
236328,University of Puget Sound,Tacoma,WA,Private college/university endowment,2559,378613.572,2,2
141060,Spelman College,Atlanta,GA,Private college/university endowment,2120,377941.509,1,2
123165,Scripps College,Claremont,CA,Private college/university endowment,1102,374862.269,2,2
441982,Olin College of Engineering,Needham,MA,Private college/university endowment,360,369736.884,2,5
182290,University of Nevada Reno Foundationxiii,Reno,NV,Public college university or system fund,17952.33,367473.492,2,4
136950,Rollins College,Winter Park,FL,Private college/university endowment,2882,365287,2,3
218335,Medical University of South Carolina Foundation,Charleston,SC,Institutionally-related foundation (IRF),2500,364553.093,2,5
195526,Skidmore College,Saratoga Springs,NY,Private college/university endowment,2635,364375.599,2,2
239017,Lawrence University,Appleton,WI,Private college/university endowment,1415,361079.904,2,2
196097,SUNY Stony Brook Foundation,Stony Brook,NY,Institutionally-related foundation (IRF),25230,360186.678,2,4
196468,Teachers College Columbia University,New York,NY,Private college/university endowment,2803,357687.432,2,4
189097,Barnard College,New York,NY,Private college/university endowment,2620,356579,2,2
103529,University of Alaska Foundation,Fairbanks,AK,Combined endowment/foundation,13570,356262.641,2,0
,The Brookings Institution,Washington,DC,Combined endowment/foundation,,355188,,0
,Michigan State University Foundation,Lansing,MI,Institutionally-related foundation (IRF),,353500,,0
129242,Fairfield University,Fairfield,CT,Private college/university endowment,4853,350774.942,2,3
212577,Franklin and Marshall College,Lancaster,PA,Private college/university endowment,2428,350445,2,2
217493,Rhode Island School of Design,Providence,RI,Private college/university endowment,2500,347698.348,2,5
,West Point Association of Graduates,West Point,NY,Combined endowment/foundation,,342458.21,,0
141963,University of Hawaii Foundation,Honolulu,HI,Institutionally-related foundation (IRF),49594,341690.144,2,0
160977,Bates College,Lewiston,ME,Private college/university endowment,1820,341587.046,2,2
221351,Rhodes College,Memphis,TN,Private college/university endowment,1952,341178.021,2,2
,University of Victoria Foundation,Victoria,BC,Institutionally-related foundation (IRF),22134,340550.7096,,0
164748,Berklee College of Music,Boston,MA,Private college/university endowment,6011,338371.297,2,5
191968,Ithaca College,Ithaca,NY,Private college/university endowment,6147.3,337239.439,2,3
152673,Wabash College,Crawfordsville,IN,Private college/university endowment,866,335881.771,2,2
206589,The College of Wooster,Wooster,OH,Private college/university endowment,1953,331118.049,2,2
122409,The Campanile Foundation (San Diego State University),San Diego,CA,Public college university or system fund,32304,330278.508,2,4
156408,Centre College of Kentucky,Danville,KY,Private college/university endowment,1410,325715.133,2,2
143358,Bradley University,Peoria,IL,Private college/university endowment,5189,324862.668,2,3
212674,Gettysburg College,Gettysburg,PA,Private college/university endowment,2627,320048.887,2,2
115409,Harvey Mudd College,Claremont,CA,Private college/university endowment,897,319714,2,2
128902,Connecticut College,New London,CT,Private college/university endowment,1833,316270,2,2
199148,University of North Carolina at Greensboro Investment Fund,Greensboro,NC,Combined endowment/foundation,17153,310293.804,2,4
235316,Gonzaga University,Spokane,WA,Private college/university endowment,6354,308172.308,2,4
217864,The Citadel,Charleston,SC,Public college university or system fund,2944,305823.901,2,3
182281,University of Nevada Las Vegas Foundation,Las Vegas,NV,Institutionally-related foundation (IRF),25114,305787.759,2,4
110705,University of California Santa Barbara Foundation,Santa Barbara,CA,Public college university or system fund,26314,301381.776,2,4
137546,Stetson University,DeLand,FL,Private college/university endowment,4292,298565.991,2,3
215770,Saint Joseph's University,Philadelphia,PA,Private college/university endowment,5545,293803.273,2,3
228343,Southwestern University,Georgetown,TX,Private college/university endowment,1499,289412.373,2,2
142285,University of Idaho Foundation,Moscow,ID,Public college university or system fund,9594,286512.215,2,4
214175,Muhlenberg College,Allentown,PA,Private college/university endowment,2223.63,286188.841,2,2
126775,Colorado School of Mines Foundation,Golden,CO,Institutionally-related foundation (IRF),6607,285595.608,2,4
232265,Hampton University,Hampton,VA,Private college/university endowment,4112,280598.089,1,4
200280,University of North Dakota Foundation,Grand Forks,ND,Institutionally-related foundation (IRF),15000,278252.91,2,4
131283,The Catholic University of America,Washington,DC,Private college/university endowment,4409,276096.619,2,4
206695,Youngstown State University Foundation,Youngstown,OH,Combined endowment/foundation,9739,275869.969,2,3
156125,Wichita State University Foundation,Wichita,KS,Institutionally-related foundation (IRF),14386,270511,2,4
,The RAND Corporation,Santa Monica,CA,Other,,267695.473,,0
232982,Old Dominion University Educational Foundationxiv,Norfolk,VA,Combined endowment/foundation,18705,265836.198,2,4
186584,Seton Hall University,South Orange,NJ,Private college/university endowment,9373,265193,2,4
219471,University of South Dakota Foundation,Vermillion,SD,Institutionally-related foundation (IRF),7344,264082.267,2,4
,University of New Brunswick,Fredericton,NB,Public college university or system fund,8658,262825.8717,,0
198516,Elon University,Elon,NC,Private college/university endowment,6938,261551.511,2,4
219709,Belmont University,Nashville,TN,Private college/university endowment,8211,260087.452,2,4
210401,Willamette Universityxv,Salem,OR,Private college/university endowment,2126,256754.453,2,2
152600,Valparaiso University,Valparaiso,IN,Private college/university endowment,3400,254200,2,4
193016,Mercy College,Dobbs Ferry,NY,Private college/university endowment,10557,249360.142,2,3
200332,North Dakota State University Foundation,Fargo,ND,Institutionally-related foundation (IRF),13173,247738.612,2,4
168005,Suffolk University,Boston,MA,Private college/university endowment,6786,246207.46,2,3
209056,Lewis & Clark College,Portland,OR,Private college/university endowment,3000,240773.931,2,2
133669,Florida Atlantic University Foundation,Boca Raton,FL,Institutionally-related foundation (IRF),22603,240694.167,2,4
184782,Rowan University,Glassboro,NJ,Combined endowment/foundation,17115,240008.342,2,4
163046,Loyola University Maryland,Baltimore,MD,Private college/university endowment,4695,239208.668,2,3
140401,Medical College of Georgia Foundation,Augusta,GA,Institutionally-related foundation (IRF),940,238988.69,,0
204909,Ohio Wesleyan University,Delaware,OH,Private college/university endowment,1493,236259.742,2,2
200800,The University of Akron Foundation,Akron,OH,Combined endowment/foundation,15128,235257.684,2,4
210669,Allegheny College,Meadville,PA,Private college/university endowment,1734,233661.481,2,2
199139,University of North Carolina at Charlotte,Charlotte,NC,Public college university or system fund,27133,232169.288,2,4
,Carleton University,Ottawa,ON,Public college university or system fund,27907,230904.609,,0
170301,Hope College,Holland,MI,Private college/university endowment,2967,229197.788,2,2
161253,University of Maine Foundation,Orono,ME,Institutionally-related foundation (IRF),9783,228116.879,2,4
110422,California Polytechnic State University Foundation,San Luis Obispo,CA,Public college university or system fund,20577,226105.393,2,3
228459,Texas State Univesityxvi,San Marcos,TX,Combined endowment/foundation,32369,225519.535,2,4
186867,Stevens Institute of Technology,Hoboken,NJ,Private college/university endowment,6588,225009.213,2,4
191630,Hobart & William Smith Colleges,Geneva,NY,Private college/university endowment,2059.33,224865.649,2,2
,University of Ottawa,Ottawa,ON,Public college university or system fund,43229,224842.8347,,0
194578,Pratt Institute,Brooklyn,NY,Private college/university endowment,4698,224469.419,2,5
192457,Long Island University,Brookville,NY,Private college/university endowment,10651,224427,,0
139348,Columbia Theological Seminary,Decatur,GA,Private college/university endowment,178.5,222197.444,2,5
220862,The University of Memphis Foundation,Memphis,TN,Combined endowment/foundation,16564,220771.455,2,4
153269,Drake University,Des Moines,IA,Private college/university endowment,4139,219800.168,2,4
167996,Stonehill College,Easton,MA,Private college/university endowment,2488,218832.717,2,2
133951,Florida International University Foundation Inc,Miami,FL,Institutionally-related foundation (IRF),39956,218684.251,2,4
164216,Washington College,Chestertown,MD,Private college/university endowment,1272,218534.069,2,2
243133,University of Scranton,Bayamon,PA,Private college/university endowment,4520,218068.162,2,2
227216,University of North Texas Foundation,Denton,TX,Institutionally-related foundation (IRF),39330,217833.366,2,4
121691,University of Redlands,Redlands,CA,Private college/university endowment,4512,212459.592,2,3
198464,East Carolina University,Greenville,NC,Public college university or system fund,25459.25,211970.842,2,4
150163,Butler University,Indianapolis,IN,Private college/university endowment,5286,211952.604,2,3
168281,Wheaton College (MA),Norton,MA,Private college/university endowment,1767,210646.508,2,2
152318,Rose-Hulman Institute of Technology,Terre Haute,IN,Private college/university endowment,2162,209759.069,2,5
218973,Wofford College,Spartanburg,SC,Private college/university endowment,1714,208057.66,2,2
180489,The University of Montana Foundation,Missoula,MT,Institutionally-related foundation (IRF),,207132.553,2,4
174792,Saint John's University,Collegeville,MN,Private college/university endowment,1679,205997.332,2,2
173647,Gustavus Adolphus College,Saint Peter,MN,Private college/university endowment,2224,205364.525,2,2
138600,Agnes Scott College,Decatur,GA,Private college/university endowment,1027,204799.429,2,2
105330,Northern Arizona University Foundation,Flagstaff,AZ,Institutionally-related foundation (IRF),,203670.622,2,4
151801,Indiana Wesleyan University,Marion,IN,Private college/university endowment,12473,201367.949,2,3
228149,St. Mary's University,San Antonio,TX,Private college/university endowment,3211,200145.026,2,3
145646,Illinois Wesleyan University,Bloomington,IL,Private college/university endowment,1620,198954.307,2,2
206622,Xavier University,Cincinnati,OH,Private college/university endowment,6455,198613,2,3
190044,Clarkson University,Potsdam,NY,Private college/university endowment,4005,197482.758,2,4
194310,Pace University,New York,NY,Private college/university endowment,11382,193827.052,2,4
143853,Midwestern University,Downers Grove,IL,Private college/university endowment,7041,193044.141,2,5
162654,Goucher College,Baltimore,MD,Private college/university endowment,1656,191378,2,2
167783,Simmons University,Boston,MA,Private college/university endowment,6453,190424.868,2,4
157818,Transylvania University,Lexington,KY,Private college/university endowment,946,190196.979,2,2
130253,Sacred Heart University,Fairfield,CT,Private college/university endowment,7478,189836.57,2,4
102094,University of South Alabama,Mobile,AL,Public college university or system fund,12674,189080.728,2,4
232256,Hampden-Sydney College,Hampden-Sydney,VA,Private college/university endowment,993,188784.603,2,2
169248,Central Michigan University,Mount Pleasant,MI,Public college university or system fund,22546,187796.51,2,4
118888,Mills College,Oakland,CA,Private college/university endowment,997,187318.992,2,3
166452,Lesley University,Cambridge,MA,Private college/university endowment,3466,186239.306,2,4
217165,Bryant University,Smithfield,RI,Private college/university endowment,3630,183836.497,2,3
157951,Western Kentucky University and Foundations,Bowling Green,KY,Institutionally-related foundation (IRF),14455,181744.561,2,4
111081,California Institute of the Arts,Valencia,CA,Private college/university endowment,1515,179402.321,2,5
153278,University of Dubuque,Dubuque,IA,Private college/university endowment,1872,179009.235,2,3
123554,Saint Mary's College of California,Moraga,CA,Private college/university endowment,3303,178002.33,2,3
201195,Baldwin Wallace University,Berea,OH,Private college/university endowment,3233,177999.174,2,3
180461,Montana State University Alumni Foundation,Bozeman,MT,Institutionally-related foundation (IRF),14152,177564.714,2,4
188030,New Mexico State University Foundation,Las Cruces,NM,Public college university or system fund,18685,176266.362,2,4
129525,University of Hartford,West Hartford,CT,Private college/university endowment,5674,176055,2,4
232308,Hollins University,Roanoke,VA,Private college/university endowment,795,174608.037,2,2
112251,Claremont Graduate University,Claremont,CA,Private college/university endowment,1454,174235.425,2,4
133553,Embry-Riddle Aeronautical University,Daytona Beach,FL,Private college/university endowment,17074,172374,2,3
216278,Susquehanna University,Selinsgrove,PA,Private college/university endowment,2238,171165.289,2,2
139940,Georgia State University Foundation,Atlanta,GA,Combined endowment/foundation,46015,170780.389,2,4
110556,California State University Fresno Foundation,Fresno,CA,Combined endowment/foundation,22773,170750.351,2,4
154235,St. Ambrose University,Davenport,IA,Private college/university endowment,2730,168402.09,2,3
233295,Randolph-Macon College,Ashland,VA,Private college/university endowment,1530,168263.683,2,2
153834,Luther College,Decorah,IA,Private college/university endowment,1937,167088.136,2,2
143084,Augustana College,Rock Island,IL,Private college/university endowment,2546,166094.094,2,2
225247,Hardin Simmons University,Abilene,TX,Private college/university endowment,2138.5,165682.521,2,3
237066,Whitworth University,Spokane,WA,Private college/university endowment,2547.1,165245.72,2,3
183239,Saint Anselm College,Manchester,NH,Private college/university endowment,2020,164972.02,2,2
107044,Harding University,Searcy,AR,Private college/university endowment,4274,164597.482,2,4
217484,University of Rhode Island Foundation & Alumni Engagement,Kingston,RI,Institutionally-related foundation (IRF),,163610.612,2,4
177092,Concordia Seminary,Saint Louis,MO,Private college/university endowment,376,163587.855,2,5
132903,University of Central Florida Foundation,Orlando,FL,Public college university or system fund,60486,162886.673,2,4
191931,Iona College,New Rochelle,NY,Private college/university endowment,3234,162713,2,3
,Mennonite Education Agency Investment Fund LLC,Elkhart,IN,Other,,159449.673,,0
165671,Emmanuel College,Boston,MA,Private college/university endowment,2222,159077.403,2,2
177065,Columbia College,Columbia,MO,Private college/university endowment,5767,158577.727,2,3
140553,Morehouse College,Atlanta,GA,Private college/university endowment,2182,157080.773,1,2
220792,Meharry Medical College,Nashville,TN,Private college/university endowment,877,156718.73,1,5
173300,Concordia College,Moorhead,MN,Private college/university endowment,1985,156612.377,2,2
201441,Bowling Green State University Foundation,Bowling Green,OH,Institutionally-related foundation (IRF),15364,155729.996,2,4
222983,Austin College,Sherman,TX,Private college/university endowment,1314,155432.935,2,2
156082,Washburn University Foundation,Topeka,KS,Institutionally-related foundation (IRF),4710,155323.91,2,4
230782,Weber State University,Ogden,UT,Public college university or system fund,13999,155180.819,2,3
232186,George Mason University Foundation Inc.,Fairfax,VA,Institutionally-related foundation (IRF),30008,154181.758,2,4
219356,South Dakota State University Foundation,Brookings,SD,Institutionally-related foundation (IRF),10108,153613.545,2,4
102368,Troy University Foundation,Troy,AL,Private college/university endowment,12258,152060.888,2,3
145813,Illinois State University Foundation,Normal,IL,Public college university or system fund,20878,151372.576,2,4
239716,St. Norbert College,De Pere,WI,Private college/university endowment,2010,150219.036,2,2
217059,York College of Pennsylvania,York,PA,Private college/university endowment,3954,150159.646,2,3
156222,Asbury Theological Seminary,Wilmore,KY,Private college/university endowment,1119,149854.352,2,5
122755,San Jose State University and Tower Foundation,San Jose,CA,Combined endowment/foundation,31964,148747.339,2,3
149222,Southern Illinois University Foundation,Carbondale,IL,Institutionally-related foundation (IRF),9272,148094.8,2,4
221740,University of Chattanooga Foundation,Chattanooga,TN,Institutionally-related foundation (IRF),10500,147097.138,2,4
215132,University of the Sciences in Philadelphia,Philadelphia,PA,Private college/university endowment,2155,146008.312,2,5
121257,Pitzer College,Claremont,CA,Private college/university endowment,1074,144267.718,2,2
225627,University of the Incarnate Word,San Antonio,TX,Private college/university endowment,7181,143846.449,2,4
150756,Hanover College,Hanover,IN,Private college/university endowment,1067,142798.703,2,2
199412,Queens University of Charlotte,Charlotte,NC,Private college/university endowment,1974,142505.799,2,3
119173,Mount Saint Mary's University Los Angeles,Los Angeles,CA,Private college/university endowment,2459.67,142341.156,2,3
233426,Roanoke College,Salem,VA,Private college/university endowment,1962,142303.565,2,2
,Mount Allison University,Sackville,NB,Private college/university endowment,2242,141104.2585,,0
122597,San Francisco State University Foundation,San Francisco,CA,Institutionally-related foundation (IRF),28880,140759.249,2,3
203517,Kent State University Foundation,Kent,OH,Institutionally-related foundation (IRF),43000,138113.132,2,4
151290,Indiana Institute of Technology,Fort Wayne,IN,Private college/university endowment,4907,137645.96,2,3
188641,Alfred University,Alfred,NY,Private college/university endowment,2096.67,136777.28,2,3
185828,New Jersey Institute of Technology,Newark,NJ,Public college university or system fund,9492,135572.161,2,4
204185,University of Mount Union,Alliance,OH,Private college/university endowment,2216,135498.847,2,2
154095,University of Northern Iowa Foundation,Cedar Falls,IA,Institutionally-related foundation (IRF),9250,135325.765,2,3
237525,The Marshall University Foundation,Huntington,WV,Institutionally-related foundation (IRF),,134897.73,2,4
179265,University of Health Sciences and Pharmacy in St. Louis,Saint Louis,MO,Private college/university endowment,1016,134563.875,2,5
213996,Messiah University,Mechanicsburg,PA,Private college/university endowment,2971,133800.703,2,3
164270,McDaniel College,Westminster,MD,Private college/university endowment,2390,130923,2,3
220075,East Tennessee State University,Johnson City,TN,Combined endowment/foundation,12325,130080.301,2,4
179894,Webster University,Saint Louis,MO,Private college/university endowment,7879,129755.321,2,3
153001,Buena Vista University,Storm Lake,IA,Private college/university endowment,732,128774.825,2,3
216524,Ursinus College,Collegeville,PA,Private college/university endowment,1462,127480.388,2,2
223001,Austin Presbyterian Theological Seminary,Austin,TX,Private college/university endowment,105.4,127351.423,2,5
107141,John Brown University,Siloam Springs,AR,Private college/university endowment,1759,126697.574,2,3
236577,Seattle Pacific University,Seattle,WA,Private college/university endowment,3526.8,126584.077,2,4
110608,California State University Northridge Foundation,Northridge,CA,Public college university or system fund,38391,126263.497,2,3
145691,Illinois College,Jacksonville,IL,Private college/university endowment,1044,126104.821,2,2
216667,Washington & Jefferson College,Washington,PA,Private college/university endowment,1261,122852.531,2,2
148487,Roosevelt University,Chicago,IL,Private college/university endowment,3427,119983.158,2,4
196079,The Foundation of the SUNY at Binghamton Inc.,Vestal,NY,Institutionally-related foundation (IRF),16812,117839.536,2,4
171128,Michigan Technological University,Houghton,MI,Public college university or system fund,6574,117623.889,2,4
227881,Sam Houston State University,Huntsville,TX,Public college university or system fund,17855,116838.672,2,4
232423,James Madison University Foundation,Harrisonburg,VA,Institutionally-related foundation (IRF),20504,116670.157,2,3
168227,Wentworth Institute of Technology,Boston,MA,Private college/university endowment,4214,116566.686,2,3
155061,Fort Hays State University Foundation,Hays,KS,Institutionally-related foundation (IRF),9510,116503.863,2,3
110413,California Lutheran University,Thousand Oaks,CA,Private college/university endowment,4070.3,115432.881,2,3
192703,Manhattan College,Riverdale,NY,Private college/university endowment,4014,114969.472,2,3
213251,Juniata College,Huntingdon,PA,Private college/university endowment,1381,114777.79,2,2
198950,Meredith College,Raleigh,NC,Private college/university endowment,1742,114562.836,2,2
142115,Boise State University Foundation,Boise,ID,Institutionally-related foundation (IRF),17677,113890.777,2,4
117140,University of La Verne,La Verne,CA,Private college/university endowment,7396,113354.1665,2,4
231970,Eastern Virginia Medical School Foundation,Norfolk,VA,Institutionally-related foundation (IRF),1275,113221.137,2,5
147660,North Central College,Naperville,IL,Private college/university endowment,2789,112336.998,2,3
107558,University of the Ozarks,Clarksville,AR,Private college/university endowment,818,112236.552,2,2
181020,Doane University,Crete,NE,Private college/university endowment,1349,111580.009,2,2
150668,Goshen College,Goshen,IN,Private college/university endowment,836.8,111151.366,2,2
196307,SUNY Health Science Center at Syracuse,Syracuse,NY,Combined endowment/foundation,1518.2,110649.526,2,5
216807,Westminster College,New Wilmington,PA,Private college/university endowment,1278,110231.888,2,2
195304,Sarah Lawrence College,Bronxville,NY,Private college/university endowment,1665,110183.459,2,2
144962,Elmhurst College,Elmhurst,IL,Private college/university endowment,2340,109906.62,2,3
151263,University of Indianapolis,Indianapolis,IN,Private college/university endowment,4962,109460.594,2,4
232609,University of Lynchburg,Lynchburg,VA,Private college/university endowment,2568,109305.879,2,3
220978,Middle Tennessee State University Foundation,Murfreesboro,TN,Public college university or system fund,17843,108888.5226,2,4
201548,Capital University,Columbus,OH,Private college/university endowment,3109,107679.019,2,3
185572,Monmouth University,West Long Branch,NJ,Private college/university endowment,5259,106713,2,3
173896,Luther Seminary,Saint Paul,MN,Private college/university endowment,324,106703.022,2,5
209065,Linfield University,McMinnville,OR,Private college/university endowment,1816,106127.463,2,2
227845,St. Edward's University,Austin,TX,Private college/university endowment,3687,105960.454,2,3
,Noblis Inc.,Reston,VA,Other,,105492.608,,0
110529,Cal Poly Pomona Philanthropic Foundation,Pomona,CA,Institutionally-related foundation (IRF),23078,105445.509,2,3
162760,Hood College of Frederick Maryland,Frederick,MD,Private college/university endowment,1488,104533.968,2,3
125763,Whittier College,Whittier,CA,Private college/university endowment,1785,104308.682,2,2
199218,University of North Carolina at Wilmington,Wilmington,NC,Public college university or system fund,14838,103801.571,2,4
176372,University of Southern Mississippi Foundation,Hattiesburg,MS,Institutionally-related foundation (IRF),12015,103517.868,2,4
217819,College of Charleston Foundation,Charleston,SC,Institutionally-related foundation (IRF),9531,102819.132,2,3
171571,Oakland University,Rochester Hills,MI,Public college university or system fund,15976.33,102149.89,2,4
173665,Hamline University,Saint Paul,MN,Private college/university endowment,2705,100559.621,2,3
157447,Northern Kentucky University Foundation,Highland Heights,KY,Institutionally-related foundation (IRF),11520,100461.959,2,4
204936,Otterbein University,Westerville,OH,Private college/university endowment,2656,99106.831,2,3
152530,Taylor University,Upland,IN,Private college/university endowment,1939,98987.526,2,2
109651,Art Center College of Design,Pasadena,CA,Private college/university endowment,2200,98145,2,5
165529,Curry College,Milton,MA,Private college/university endowment,2192,97557.826,2,3
165699,Endicott College,Beverly,MA,Private college/university endowment,3748.1,97315.82,2,3
133650,Florida Agricultural and Mechanical University,Tallahassee,FL,Public college university or system fund,8411,95634.705,1,4
206604,Wright State University Foundation,Dayton,OH,Institutionally-related foundation (IRF),11543.3,95495.033,2,4
211556,Chatham University,Pittsburgh,PA,Private college/university endowment,1921,95435.915,2,4
147244,Millikin University,Decatur,IL,Private college/university endowment,2276,94270.603,2,2
174899,College of St. Scholastica,Duluth,MN,Private college/university endowment,3906,93599.748,2,4
210739,DeSales University,Center Valley,PA,Private college/university endowment,2806,93581.78,2,3
150534,University of Evansville,Evansville,IN,Private college/university endowment,2409,93405.265,2,3
177214,Drury University,Springfield,MO,Private college/university endowment,1675,93282.119,2,3
193973,Niagara University,Niagara University,NY,Private college/university endowment,3344,93252.692,2,3
163295,Maryland Institute College of Art,Baltimore,MD,Private college/university endowment,2089,92950.908,2,5
231581,Bridgewater College,Bridgewater,VA,Private college/university endowment,1709,91944.52,2,2
232025,Emory & Henry College,Emory,VA,Private college/university endowment,1208,91297.226,2,2
157401,Murray State University,Murray,KY,Public college university or system fund,7487,90840.202,2,3
238616,Concordia University of Wisconsin,Mequon,WI,Private college/university endowment,5294,90325.646,2,4
216852,Widener University,Chester,PA,Private college/university endowment,5133,90010.574,2,4
171492,Northwood University,Midland,MI,Private college/university endowment,2042,89966.416,2,5
200004,Western Carolina University,Cullowhee,NC,Public college university or system fund,11105,88977.683,2,3
127185,Florida Institute of Technology,Durango,FL,Private college/university endowment,5997,88928.857,2,2
172051,Saginaw Valley State University Foundation,University Center,MI,Institutionally-related foundation (IRF),7235,88566.867,2,3
202806,Franklin University,Columbus,OH,Private college/university endowment,3307,88345,2,5
184603,Fairleigh Dickinson University,Teaneck,NJ,Private college/university endowment,8621,88303.659,2,3
218539,Presbyterian College,Clinton,SC,Private college/university endowment,1309,88099.609,2,2
169910,The Ferris Foundation,Big Rapids,MI,Institutionally-related foundation (IRF),,88014.324,2,4
238333,Beloit College,Beloit,WI,Private college/university endowment,1066,87663.456,2,2
144892,Eastern Illinois University Foundation,Charleston,IL,Public college university or system fund,6045,87267.296,2,3
174747,College of Saint Benedict,Saint Joseph,MN,Private college/university endowment,1724,86715.33,2,2
106458,Arkansas State University System Foundation,Jonesboro,AR,Institutionally-related foundation (IRF),13817,86156.645,2,4
146481,Lake Forest College,Lake Forest,IL,Private college/university endowment,1541,85812.665,2,2
110583,California State University Long Beach 49er Foundation,Long Beach,CA,Public college university or system fund,32673.7,85616.503,2,3
229179,Texas Woman's University Foundation,Denton,TX,Combined endowment/foundation,14300,85540.579,2,4
203845,Marietta College,Marietta,OH,Private college/university endowment,1088,85460.235,2,2
450304,Brite Divinity School,Fort Worth,TX,Private college/university endowment,124,85302.706,2,5
150604,Franklin College,Franklin,IN,Private college/university endowment,924,83786.19,2,2
197197,Wagner College,Staten Island,NY,Private college/university endowment,1943,83729.988,2,3
110361,California Baptist University,Riverside,CA,Private college/university endowment,11391,82924.687,2,3
110565,California State University Fullerton Philanthropic Foundation,Fullerton,CA,Institutionally-related foundation (IRF),33202,81744.364,2,3
212197,Elizabethtown College,Elizabethtown,PA,Private college/university endowment,1588,81619.611,2,2
211088,Arcadia University,Glenside,PA,Private college/university endowment,2773,81501,2,3
153162,Cornell College,Mount Vernon,IA,Private college/university endowment,1015,81135.185,2,2
185590,Montclair State University Foundation,Montclair,NJ,Institutionally-related foundation (IRF),22000,81122.926,2,4
219976,Lipscomb University,Nashville,TN,Private college/university endowment,4338,81026.486,2,4
240268,University of Wisconsin-Eau Claire Foundation,Eau Claire,WI,Institutionally-related foundation (IRF),10507,80462.23,2,3
217518,Roger Williams University,Bristol,RI,Private college/university endowment,4901,80439.359,2,3
213367,La Salle University,Philadelphia,PA,Private college/university endowment,4193.5,80002.231,2,3
167899,Springfield College,Springfield,MA,Private college/university endowment,3910,79639.322,2,3
153108,Central College,Pella,IA,Private college/university endowment,1133,79516.489,2,2
228981,Texas Lutheran University,Seguin,TX,Private college/university endowment,1430,79346.94,2,2
134079,Florida Southern College,Lakeland,FL,Private college/university endowment,3173,79106.4,2,3
155025,Emporia State University Foundation,Emporia,KS,Institutionally-related foundation (IRF),4298,79028.761,2,3
230807,Westminster College of Salt Lake City,Salt Lake City,UT,Private college/university endowment,2061,78986.406,2,3
176284,Reformed Theological Seminary,Jackson,MS,Private college/university endowment,565,78630.847,,0
231059,Saint Michael's College,Colchester,VT,Private college/university endowment,1720,77654.939,2,2
196060,SUNY Albany Foundation,Albany,NY,Public college university or system fund,,77649.961,2,4
217961,Converse College,Spartanburg,SC,Private college/university endowment,1044,77529.115,2,3
,Foundation For California Community Colleges,Sacramento,CA,Institutionally-related foundation (IRF),,77199.235,,0
204264,Muskingum University,New Concord,OH,Private college/university endowment,1838,76970.534,2,3
147703,Northern Illinois University Foundation,Dekalb,IL,Institutionally-related foundation (IRF),13779,76496.206,2,4
147679,North Park University,Chicago,IL,Private college/university endowment,2310,76326.518,2,3
198695,High Point University,High Point,NC,Private college/university endowment,5279,76158.039,2,2
159939,University of New Orleans Foundation,New Orleans,LA,Institutionally-related foundation (IRF),,74654.317,2,4
138354,University of West Florida Foundation,Pensacola,FL,Public college university or system fund,8883,74635.062,2,3
155681,Pittsburg State University Foundation,Pittsburg,KS,Institutionally-related foundation (IRF),5844,74602.062,2,3
221847,Tennessee Technological University Foundation,Cookeville,TN,Public college university or system fund,8724,74110.219,2,4
199102,North Carolina A&T State University and Foundation,Greensboro,NC,Public college university or system fund,11438,73809.086,1,4
238458,Carroll University,Waukesha,WI,Private college/university endowment,3336,73553.801,2,3
198613,Guilford College,Greensboro,NC,Private college/university endowment,1464,72967.754,2,2
138187,Valencia College Foundation,Orlando,FL,Institutionally-related foundation (IRF),27106,72483.616,2,1
232566,Longwood University Foundation,Farmville,VA,Institutionally-related foundation (IRF),4267,72387.701,2,3
169716,University of Detroit Mercy,Detroit,MI,Private college/university endowment,4449,71967,2,4
195164,St. Bonaventure University,Saint Bonaventure,NY,Private college/university endowment,2201,71888.611,2,3
127918,Regis University,Denver,CO,Private college/university endowment,5469,71489.808,2,4
209612,Pacific University,Forest Grove,OR,Private college/university endowment,3870,71386.21,2,4
213507,Lebanon Valley College,Annville,PA,Private college/university endowment,1801,70774.504,2,3
139366,Columbus State University Foundation,Columbus,GA,Institutionally-related foundation (IRF),,70690,2,3
132851,College of Central Florida Foundation,Ocala,FL,Institutionally-related foundation (IRF),7328,70198.78,2,2
151324,Indiana State University Foundation,Terre Haute,IN,Institutionally-related foundation (IRF),10043.9,70090.314,2,4
156620,Eastern Kentucky University Foundation,Richmond,KY,Institutionally-related foundation (IRF),12040,69765.157,2,3
210571,Albright College,Reading,PA,Private college/university endowment,1993,69214,2,2
133711,Flagler College,Saint Augustine,FL,Private college/university endowment,2848,69008.781,2,2
193830,New York Medical College,Valhalla,NY,Private college/university endowment,1447,68789.799,2,5
233541,Shenandoah University,Winchester,VA,Private college/university endowment,3248,68391.845,2,4
193584,Nazareth College of Rochester,Rochester,NY,Private college/university endowment,2806,68089.322,2,3
139931,Georgia Southern University Foundation,Statesboro,GA,Institutionally-related foundation (IRF),22361,67120.492,2,4
440031,Keck Graduate Institute,Claremont,CA,Private college/university endowment,647,67079.51,2,3
243665,The Foundation for the University of the Virgin Islands Inc.,Charlotte Amalie,VI,Private college/university endowment,1181,66893.93484,1,2
156286,Bellarmine University,Louisville,KY,Private college/university endowment,2958,65588.104,2,4
234933,Clark College District #14 Foundation,Vancouver,WA,Institutionally-related foundation (IRF),7473,64630.667,2,1
186283,Rider University,Lawrenceville,NJ,Private college/university endowment,4255,64415.441,2,3
212601,Gannon University,Erie,PA,Private college/university endowment,3777,63539.373,2,4
217536,Salve Regina University,Newport,RI,Private college/university endowment,2629,63213,2,3
221838,Tennessee State University Foundation,Nashville,TN,Institutionally-related foundation (IRF),6399.12,63020.117,1,4
110538,The University Foundation California State University Chico,Chico,CA,Institutionally-related foundation (IRF),17019,62941.713,2,3
,University of Northern British Columbia,Prince George,BC,Public college university or system fund,2738,62833.79852,,0
197221,Webb Institute,Glen Cove,NY,Private college/university endowment,99,62606.028,2,5
220215,Freed-Hardeman University,Henderson,TN,Private college/university endowment,1626,62427.989,2,3
218964,Winthrop University Foundation,Rock Hill,SC,Institutionally-related foundation (IRF),5004,62348.556,2,3
,Foundation for Indiana University of Pennsylvania,Indiana,PA,Institutionally-related foundation (IRF),9188,60550.163,,0
191676,Houghton College,Houghton,NY,Private college/university endowment,929,60036.775,2,2
214379,Northampton County Area Community College Foundation,Bethlehem,PA,Public college university or system fund,6589,59901.899,2,1
232681,University of Mary Washington Foundation,Fredericksburg,VA,Institutionally-related foundation (IRF),4180,58798.788,2,3
225548,Howard Payne University,Brownwood,TX,Private college/university endowment,843,58794.98,2,2
204200,Mount St. Joseph University,Cincinnati,OH,Private college/university endowment,1561,58784.074,2,3
229160,Texas Wesleyan University,Fort Worth,TX,Private college/university endowment,1983,57816.546,2,4
193751,New York Chiropractic College,Seneca Falls,NY,Private college/university endowment,682,57450.422,2,5
110617,University Foundation at Sacramento State,Sacramento,CA,Combined endowment/foundation,27144,57172.334,2,3
234155,Virginia State University Foundation,Petersburg,VA,Combined endowment/foundation,4365,56148.983,1,3
168254,Western New England University,Springfield,MA,Private college/university endowment,3430,55905.142,2,4
115728,Holy Names University,Oakland,CA,Private college/university endowment,869,55439.996,2,3
163851,Salisbury University Foundation,Salisbury,MD,Public college university or system fund,7958,55295.671,2,3
240107,Viterbo University,La Crosse,WI,Private college/university endowment,2118,55256.922,2,3
233277,Radford University Foundation,Radford,VA,Institutionally-related foundation (IRF),9449,55173.704,2,3
218724,Coastal Educational Foundation (Coastal Carolina University),Conway,SC,Institutionally-related foundation (IRF),9913,54714.189,2,3
214069,Misericordia University,Dallas,PA,Private college/university endowment,2070,54506.153,2,4
173920,Minnesota State University Mankato Foundation,Mankato,MN,Public college university or system fund,13192,54143.34,2,3
173045,Augsburg University,Minneapolis,MN,Private college/university endowment,3049,54133.892,2,3
215105,The University of the Arts,Philadelphia,PA,Private college/university endowment,1813,54050.473,2,5
133702,Florida State College at Jacksonville Foundation,Jacksonville,FL,Public college university or system fund,14137,53518.5,2,2
174127,Minneapolis College of Art and Design,Minneapolis,MN,Private college/university endowment,752,53301,2,5
156213,Asbury University,Wilmore,KY,Private college/university endowment,1621,53089.227,2,3
196185,SUNY Oneonta Foundation,Oneonta,NY,Public college university or system fund,6000,52771.823,2,3
123572,Sonoma State University Foundation,Rohnert Park,CA,Combined endowment/foundation,8250,52739.462,2,3
199111,University of North Carolina at Asheville,Asheville,NC,Public college university or system fund,3303,52380.474,2,2
232089,Ferrum College,Ferrum,VA,Private college/university endowment,1013,52306.519,2,2
155089,Friends University,Wichita,KS,Private college/university endowment,1168,52207.207,2,3
215743,Saint Francis University,Loretto,PA,Private college/university endowment,1921,51987.942,2,3
203085,Heidelberg University,Tiffin,OH,Private college/university endowment,1139,51414.434,2,2
199865,Warren Wilson College,Swannanoa,NC,Private college/university endowment,778,51010.965,2,2
178059,Maryville University of St. Louis,Saint Louis,MO,Private college/university endowment,6122,50690.251,2,4
211158,The Bloomsburg University Foundation,Bloomsburg,PA,Public college university or system fund,8924,50300,2,3
161873,The University of Baltimore Foundation,Baltimore,MD,Institutionally-related foundation (IRF),0,50278.865,2,3
140234,LaGrange College,Lagrange,GA,Private college/university endowment,963,50228.32,2,2
139199,Brenau University,Gainesville,GA,Private college/university endowment,2512,50103.721,2,3
115047,Gateway Seminary,Ontario,CA,Private college/university endowment,257,49615.073,,0
136774,Ringling College of Art & Design,Sarasota,FL,Private college/university endowment,1622.7,49497.624,2,5
199272,William Peace University,Raleigh,NC,Private college/university endowment,831,49179.997,2,2
196149,SUNY Cortland -- College Foundation,Cortland,NY,Institutionally-related foundation (IRF),6547,49108.345,2,3
214564,Salus University,Elkins Park,PA,Private college/university endowment,1200,49102.792,2,5
122296,Samuel Merritt University,Oakland,CA,Private college/university endowment,2615,49087.86317,2,5
221661,Southern Adventist University,Collegedale,TN,Private college/university endowment,2610,49005.063,2,3
184773,Georgian Court University,Lakewood,NJ,Private college/university endowment,1845,48967.418,2,3
115214,Graduate Theological Union,Berkeley,CA,Private college/university endowment,189,48732.776,2,5
201104,Ashland University,Ashland,OH,Private college/university endowment,5620,47561.734,2,3
154004,Morningside College,Sioux City,IA,Private college/university endowment,1842,46885.996,2,3
110592,California State University Los Angeles Foundation,Los Angeles,CA,Public college university or system fund,23675,46190.859,2,3
217907,Coker University,Hartsville,SC,Private college/university endowment,1032,46134.212,2,3
132471,Barry University Inc.,Miami,FL,Private college/university endowment,6388,45993.199,2,4
147828,Olivet Nazarene University Foundation,Bourbonnais,IL,Private college/university endowment,3617,45140.961,2,3
202073,Cleveland Institute of Music,Cleveland,OH,Private college/university endowment,369,45125,2,5
409254,Erikson Institute,Chicago,IL,Private college/university endowment,282,44961.686,2,5
110510,CSUSB Philanthropic Foundation,San Bernardino,CA,Institutionally-related foundation (IRF),18319,44939.032,2,3
213826,Marywood University,Scranton,PA,Private college/university endowment,2501,44893.848,2,3
155511,McPherson College,McPherson,KS,Private college/university endowment,783,44470.837,2,2
180106,Carroll College,Helena,MT,Private college/university endowment,1227,44390.139,2,2
196194,Oswego College Foundation Inc.,Oswego,NY,Institutionally-related foundation (IRF),6971,44063.839,2,3
166391,Lasell University,Newton,MA,Private college/university endowment,1892,43816.68,2,3
193292,Molloy College,Rockville Centre,NY,Private college/university endowment,3784,43648.437,2,3
217013,Wilson College,Chambersburg,PA,Private college/university endowment,1009,43393.03,2,3
173328,Concordia University - Saint Paul,Saint Paul,MN,Private college/university endowment,4386,43149.07,2,3
214166,Mount Aloysius College,Cresson,PA,Private college/university endowment,1273,41839.43,2,2
167598,Regis College,Weston,MA,Private college/university endowment,1982,41748,2,5
173142,Bethany Lutheran College,Mankato,MN,Private college/university endowment,641,41592.583,2,2
200217,University of Mary,Bismarck,ND,Private college/university endowment,3510,41182.45,2,4
203748,Lorain County Community College Foundation,Elyria,OH,Institutionally-related foundation (IRF),5834,40805.465,2,1
115083,Golden Gate University,San Francisco,CA,Private college/university endowment,1505,40288.218,2,3
180416,Montana Tech Foundation,Butte,MT,Institutionally-related foundation (IRF),2043,39864.85,2,3
187134,College of New Jersey Foundation,Ewing,NJ,Public college university or system fund,7465,39808.897,2,3
182634,Colby-Sawyer College,New London,NH,Private college/university endowment,823,39773.086,2,2
211644,Clarion University Foundation Inc.,Clarion,PA,Institutionally-related foundation (IRF),3772,39189.206,2,3
161457,University of New England,Biddeford,ME,Private college/university endowment,6047,39036.943,2,4
196158,SUNY Fredonia College Foundation,Fredonia,NY,Institutionally-related foundation (IRF),4339,38218.625,2,3
215655,Robert Morris University,Moon Township,PA,Private college/university endowment,3927,38162,2,4
196200,SUNY Potsdam College Foundation,Potsdam,NY,Institutionally-related foundation (IRF),3334,38076.624,2,3
201654,Cedarville University,Cedarville,OH,Private college/university endowment,3757,37595.101,2,3
127556,Colorado Mesa University Foundation,Grand Junction,CO,Institutionally-related foundation (IRF),3835,37213.187,2,3
211468,Cedar Crest College,Allentown,PA,Private college/university endowment,1424,37091.675,2,3
240657,Northwest College Foundation,Powell,WY,Institutionally-related foundation (IRF),1359.1,37089.442,2,1
240338,Wisconsin Lutheran College,Milwaukee,WI,Private college/university endowment,877,35989.942,2,2
189547,Broome Community College Foundation,Binghamton,NY,Institutionally-related foundation (IRF),4561,35903.306,2,1
179043,Rockhurst University,Kansas City,MO,Private college/university endowment,2183,35811.546,2,3
113193,Cuesta College Foundation,San Luis Obispo,CA,Institutionally-related foundation (IRF),7972,35473.774,2,1
147536,National Louis University,Chicago,IL,Private college/university endowment,5042,34585.38,2,4
168430,Worcester State Foundation,Worcester,MA,Institutionally-related foundation (IRF),4633.7,34452.915,2,3
194958,Roberts Wesleyan College,Rochester,NY,Private college/university endowment,1736,33872.051,2,3
213349,Kutztown University Foundation,Kutztown,PA,Institutionally-related foundation (IRF),7254,33733.783,2,3
180595,Rocky Mountain College,Billings,MT,Private college/university endowment,963.33,32883.434,2,3
163912,St.Mary's College of Maryland Foundation,St. Mary's City,MD,Institutionally-related foundation (IRF),1475,32773.676,2,2
115755,Humboldt State University Foundation,Arcata,CA,Public college university or system fund,6658,32059.53,2,3
137476,St. Thomas University,Miami Gardens,FL,Private college/university endowment,2878,31262.2,2,3
139764,Georgia Southwestern Foundation,Americus,GA,Institutionally-related foundation (IRF),2445,31176.047,2,3
211981,Delaware Valley University,Doylestown,PA,Private college/university endowment,2024,30892.006,2,3
215266,Bradford Educational Foundation - University of Pittsburgh at Bradford,Bradford,PA,Institutionally-related foundation (IRF),1277,30881.69,2,2
205470,Sinclair Community College Foundation,Dayton,OH,Institutionally-related foundation (IRF),11723,30632.667,2,1
130493,Southern Connecticut State University Foundation,New Haven,CT,Institutionally-related foundation (IRF),8282,30590.863,2,3
106704,University of Central Arkansas Foundation,Conway,AR,Institutionally-related foundation (IRF),9207,29937.867,2,4
153126,Clarke University,Dubuque,IA,Private college/university endowment,836.45,29866.832,2,4
177144,Culver-Stockton College,Canton,MO,Private college/university endowment,984,29786.697,2,2
487542,Husson University,Bangor,ME,Private college/university endowment,2980,29535.26721,,0
218885,Tri-County Technical College Foundation,Pendleton,SC,Institutionally-related foundation (IRF),4547,28321.013,2,1
366711,California State University San Marcos Foundation,San Marcos,CA,Public college university or system fund,13714,27957.341,2,3
110501,California State University Foundation,Long Beach,CA,Public college university or system fund,1273,27828.185,2,0
,American University in Bulgaria,Blagoevgrad,,Private college/university endowment,888,27791.786,,0
409698,California State University Monterey Bay,Seaside,CA,Public college university or system fund,6905,27497.544,2,3
149231,Southern Illinois University Edwardsville Foundation,Edwardsville,IL,Institutionally-related foundation (IRF),10942,27381,2,4
147031,Meadville Theological School of Lombard College,Chicago,IL,Private college/university endowment,61,27378.517,2,5
199184,UNC School of the Arts,Winston-Salem,NC,Public college university or system fund,1326,26987.919,2,5
110486,California State University Bakersfield Foundation,Bakersfield,CA,Public college university or system fund,10280.4,26944.055,2,3
197045,Utica College,Utica,NY,Private college/university endowment,5683,26343.309,2,3
153375,Grand View University,Des Moines,IA,Private college/university endowment,1711,26172.472,2,2
169521,Delta College,University Center,MI,Public college university or system fund,4431,25939.763,2,1
226091,Lamar University,Beaumont,TX,Public college university or system fund,,25870.448,2,4
188340,Vaughn College of Aeronautics and Technology,Flushing,NY,Private college/university endowment,1483,25441.289,2,2
237792,Shepherd University Foundation,Shepherdstown,WV,Institutionally-related foundation (IRF),2822,25329.445,2,2
235097,Eastern Washington University Foundation,Cheney,WA,Institutionally-related foundation (IRF),11258,25277.989,2,3
182980,New England College,Henniker,NH,Private college/university endowment,3461,24906.524,2,3
198543,Fayetteville State University,Fayetteville,NC,Public college university or system fund,5575,24767.37,1,3
214883,Peirce College,Philadelphia,PA,Private college/university endowment,592,24542.623,2,2
199281,University of North Carolina at Pembroke,Pembroke,NC,Public college university or system fund,6258,24508.72,2,3
141486,Chaminade University of Honolulu,Honolulu,HI,Private college/university endowment,1864,24162.663,2,3
123943,Marshall B. Ketchum University,Fullerton,CA,Private college/university endowment,739,23489.448,2,5
226383,Lubbock Christian University,Lubbock,TX,Private college/university endowment,1438,23366.138,2,3
208318,Central Oregon Community College Foundation,Bend,OR,Institutionally-related foundation (IRF),3064,23263.499,2,1
226231,LeTourneau University,Longview,TX,Private college/university endowment,1978,22868.31,2,3
157377,Midway University,Midway,KY,Private college/university endowment,1078,22718.242,2,3
148584,University of St. Francis,Joliet,IL,Private college/university endowment,2430,22607.586,2,4
218821,Spartanburg Methodist College,Spartanburg,SC,Private college/university endowment,905,22175.144,2,1
196246,SUNY Plattsburgh College Foundation,Plattsburgh,NY,Institutionally-related foundation (IRF),4908.2,21918.807,2,3
161563,Thomas College,Waterville,ME,Private college/university endowment,726,21917.515,2,3
167260,Nichols College,Dudley,MA,Private college/university endowment,1311,21828.052,2,5
216764,West Chester University Foundation,West Chester,PA,Institutionally-related foundation (IRF),17669,21775.112,2,3
186201,Ramapo College of New Jersey,Mahwah,NJ,Combined endowment/foundation,5405,21158.039,2,3
202514,Defiance College,Defiance,OH,Private college/university endowment,505,19159.517,2,2
204617,Ohio Dominican University,Columbus,OH,Private college/university endowment,1492,18966.549,2,3
135160,The Foundation for Florida Gateway College,Lake City,FL,Institutionally-related foundation (IRF),0,18873.811,2,1
210304,Warner Pacific University,Portland,OR,Private college/university endowment,825,18371.317,2,2
170541,Kalamazoo Valley Community College,Kalamazoo,MI,Public college university or system fund,4239,17925.002,2,1
,Trinity Western University,Langley,BC,Private college/university endowment,3238,17678.31188,,0
238980,Lakeland University Foundation,Plymouth,WI,Private college/university endowment,1448,17504.217,2,3
110574,California State University East Bay,Hayward,CA,Public college university or system fund,12806,16876.939,2,3
219082,Dakota State University Foundation,Madison,SD,Institutionally-related foundation (IRF),2464,16163.78,2,3
110495,California State University Stanislaus,Turlock,CA,Public college university or system fund,9217,16131.357,2,3
,Polytechnic University of Puerto Rico,San Juan,PR,Private college/university endowment,3505,15930.659,,0
441937,California State University Channel Islands Foundation,Camarillo,CA,Institutionally-related foundation (IRF),6405.2,15625.255,2,3
193326,Monroe Community College Foundation,Rochester,NY,Institutionally-related foundation (IRF),0,15384.581,2,1
101189,Faulkner University,Montgomery,AL,Private college/university endowment,3064,15294.149,2,3
154059,North Iowa Area Community College Foundation,Mason City,IA,Public college university or system fund,1891,14784.188,2,1
167288,Massachusetts College of Liberal Arts Foundation Inc.,North Adams,MA,Institutionally-related foundation (IRF),1305.4,14664.505,2,2
110547,California State University Dominguez Hills Philanthropic Foundation,Carson,CA,Institutionally-related foundation (IRF),14971,13067.588,2,3
221643,Pellissippi State Community College Foundation,Knoxville,TN,Institutionally-related foundation (IRF),6855,11875.267,2,1
111188,California Maritime Academy Foundation,Vallejo,CA,Institutionally-related foundation (IRF),911,10726.358,2,2
170037,Cornerstone University,Grand Rapids,MI,Private college/university endowment,2173,10574.396,2,3
218353,Midlands Technical College Foundation,West Columbia,SC,Institutionally-related foundation (IRF),6075.7,9537.426,2,1
231536,Blue Ridge Community College Educational Foundation Inc.,Weyers Cave,VA,Institutionally-related foundation (IRF),2086,9233.054,2,1
213020,Indiana University of Pennsylvania,Indiana,PA,Public college university or system fund,8036,7783.39,2,4
134495,Hillsborough Community College Foundation,Tampa,FL,Institutionally-related foundation (IRF),14386,7601.525,2,1
144944,Elgin Community College Foundation,Elgin,IL,Institutionally-related foundation (IRF),5732,7101.915,2,1
193353,Mount Saint Mary College,Newburgh,NY,Private college/university endowment,1840,6562.111,2,3
147800,Oakton Community College Educational Foundation,Des Plaines,IL,Institutionally-related foundation (IRF),8083,5547.335,2,1
