caucus,congress_numbers,current,description,district,enddate,leadership_title,party,phone,role_type,role_type_label,senator_class,senator_class_label,senator_rank,senator_rank_label,startdate,state,title,title_long,website,extra.address,extra.contact_form,extra.office,extra.rss_url,extra.party_affiliations,extra.end-type,extra.how,person.bioguideid,person.birthday,person.cspanid,person.fediverse_webfinger,person.firstname,person.gender,person.gender_label,person.lastname,person.link,person.middlename,person.name,person.namemod,person.nickname,person.osid,person.pvsid,person.sortname,person.twitterid,person.youtubeid
NA,,TRUE,Junior Senator for Washington,NA,2025-01-03,NA,Democrat,202-224-3441,senator,Senator,class1,Class 1,junior,Junior,2019-01-03,WA,Sen.,Senator,https://www.cantwell.senate.gov,511 Hart Senate Office Building Washington DC 20510,https://www.cantwell.senate.gov/public/index.cfm/email-maria,511 Hart Senate Office Building,http://www.cantwell.senate.gov/public/index.cfm/rss/feed,,NA,NA,C000127,1958-10-13,26137,NA,Maria,female,Female,Cantwell,https://www.govtrack.us/congress/members/maria_cantwell/300018,,Sen. Maria Cantwell [D-WA],,,N00007836,NA,"Cantwell, Maria (Sen.) [D-WA]",SenatorCantwell,SenatorCantwell
NA,,TRUE,Senior Senator for Delaware,NA,2025-01-03,NA,Democrat,202-224-2441,senator,Senator,class1,Class 1,senior,Senior,2019-01-03,DE,Sen.,Senator,https://www.carper.senate.gov,513 Hart Senate Office Building Washington DC 20510,https://www.carper.senate.gov/contact/,513 Hart Senate Office Building,http://www.carper.senate.gov/public/index.cfm/rss/feed,,NA,NA,C000174,1947-01-23,663,NA,Thomas,male,Male,Carper,https://www.govtrack.us/congress/members/thomas_carper/300019,Richard,Sen. Thomas Carper [D-DE],,,N00012508,NA,"Carper, Thomas (Sen.) [D-DE]",SenatorCarper,senatorcarper
NA,,TRUE,Senior Senator for Michigan,NA,2025-01-03,Senate Democratic Policy & Communications Committee Chair,Democrat,202-224-4822,senator,Senator,class1,Class 1,senior,Senior,2019-01-03,MI,Sen.,Senator,https://www.stabenow.senate.gov,731 Hart Senate Office Building Washington DC 20510,https://www.stabenow.senate.gov/contact,731 Hart Senate Office Building,http://stabenow.senate.gov/rss/?p=news,,NA,NA,S000770,1950-04-29,45451,NA,Debbie,female,Female,Stabenow,https://www.govtrack.us/congress/members/debbie_stabenow/300093,Ann,Sen. Debbie Stabenow [D-MI],,,N00004118,NA,"Stabenow, Debbie (Sen.) [D-MI]",SenStabenow,senatorstabenow
NA,,TRUE,Junior Senator for Wisconsin,NA,2025-01-03,Senate Democratic Conference Secretary,Democrat,202-224-5653,senator,Senator,class1,Class 1,junior,Junior,2019-01-03,WI,Sen.,Senator,https://www.baldwin.senate.gov,141 Hart Senate Office Building Washington DC 20510,https://www.baldwin.senate.gov/feedback,141 Hart Senate Office Building,http://www.baldwin.senate.gov/rss/feeds/?type=all,,NA,NA,B001230,1962-02-11,57884,NA,Tammy,female,Female,Baldwin,https://www.govtrack.us/congress/members/tammy_baldwin/400013,,Sen. Tammy Baldwin [D-WI],,,N00004367,NA,"Baldwin, Tammy (Sen.) [D-WI]",SenatorBaldwin,witammybaldwin
NA,,TRUE,Senior Senator for Tennessee,NA,2025-01-03,NA,Republican,202-224-3344,senator,Senator,class1,Class 1,senior,Senior,2019-01-03,TN,Sen.,Senator,https://www.blackburn.senate.gov,357 Dirksen Senate Office Building Washington DC 20510,https://www.blackburn.senate.gov/email-me,357 Dirksen Senate Office Building,NA,,NA,NA,B001243,1952-06-06,31226,NA,Marsha,female,Female,Blackburn,https://www.govtrack.us/congress/members/marsha_blackburn/400032,W.,Sen. Marsha Blackburn [R-TN],,,N00003105,NA,"Blackburn, Marsha (Sen.) [R-TN]",MarshaBlackburn,RepMarshaBlackburn
NA,,TRUE,Senior Senator for Ohio,NA,2025-01-03,NA,Democrat,202-224-2315,senator,Senator,class1,Class 1,senior,Senior,2019-01-03,OH,Sen.,Senator,https://www.brown.senate.gov,503 Hart Senate Office Building Washington DC 20510,https://www.brown.senate.gov/contact/,503 Hart Senate Office Building,http://www.brown.senate.gov/rss/feeds/?type=all&amp;,,NA,NA,B000944,1952-11-09,5051,NA,Sherrod,male,Male,Brown,https://www.govtrack.us/congress/members/sherrod_brown/400050,,Sen. Sherrod Brown [D-OH],,,N00003535,NA,"Brown, Sherrod (Sen.) [D-OH]",SenSherrodBrown,SherrodBrownOhio
NA,,TRUE,Senior Senator for Maryland,NA,2025-01-03,NA,Democrat,202-224-4524,senator,Senator,class1,Class 1,senior,Senior,2019-01-03,MD,Sen.,Senator,https://www.cardin.senate.gov,509 Hart Senate Office Building Washington DC 20510,https://www.cardin.senate.gov/contact/,509 Hart Senate Office Building,http://www.cardin.senate.gov/rss/feeds/?type=all,,NA,NA,C000141,1943-10-05,4004,NA,Benjamin,male,Male,Cardin,https://www.govtrack.us/congress/members/benjamin_cardin/400064,L.,Sen. Benjamin Cardin [D-MD],,,N00001955,NA,"Cardin, Benjamin (Sen.) [D-MD]",SenatorCardin,senatorcardin
NA,,TRUE,Senior Senator for New Jersey,NA,2025-01-03,NA,Democrat,202-224-4744,senator,Senator,class1,Class 1,senior,Senior,2019-01-03,NJ,Sen.,Senator,https://www.menendez.senate.gov,528 Hart Senate Office Building Washington DC 20510,https://www.menendez.senate.gov/contact,528 Hart Senate Office Building,http://www.menendez.senate.gov/rss/feeds/index.cfm?type=news,,NA,NA,M000639,1954-01-01,29608,NA,Robert,male,Male,Menendez,https://www.govtrack.us/congress/members/robert_menendez/400272,,Sen. Robert “Bob” Menendez [D-NJ],,Bob,N00000699,NA,"Menendez, Robert “Bob” (Sen.) [D-NJ]",SenatorMenendez,SenatorMenendezNJ
Democrat,,TRUE,Senior Senator for Vermont,NA,2025-01-03,Senate Democratic Outreach Chair,Independent,202-224-5141,senator,Senator,class1,Class 1,senior,Senior,2019-01-03,VT,Sen.,Senator,https://www.sanders.senate.gov,332 Dirksen Senate Office Building Washington DC 20510,https://www.sanders.senate.gov/contact/,332 Dirksen Senate Office Building,http://www.sanders.senate.gov/rss/,,NA,NA,S000033,1941-09-08,994,NA,Bernard,male,Male,Sanders,https://www.govtrack.us/congress/members/bernard_sanders/400357,,Sen. Bernard “Bernie” Sanders [I-VT],,Bernie,N00000528,NA,"Sanders, Bernard “Bernie” (Sen.) [I-VT]",SenSanders,senatorsanders
NA,,TRUE,Senior Senator for Mississippi,NA,2025-01-03,NA,Republican,202-224-6253,senator,Senator,class1,Class 1,senior,Senior,2019-01-03,MS,Sen.,Senator,https://www.wicker.senate.gov,425 Russell Senate Office Building Washington DC 20510,https://www.wicker.senate.gov/public/index.cfm/contact,425 Russell Senate Office Building,NA,,NA,NA,W000437,1951-07-05,18203,NA,Roger,male,Male,Wicker,https://www.govtrack.us/congress/members/roger_wicker/400432,F.,Sen. Roger Wicker [R-MS],,,N00003280,NA,"Wicker, Roger (Sen.) [R-MS]",SenatorWicker,SenatorWicker
NA,,TRUE,Junior Senator for Connecticut,NA,2025-01-03,NA,Democrat,202-224-4041,senator,Senator,class1,Class 1,junior,Junior,2019-01-03,CT,Sen.,Senator,https://www.murphy.senate.gov,136 Hart Senate Office Building Washington DC 20510,https://www.murphy.senate.gov/contact,136 Hart Senate Office Building,http://www.theday.com/article/20121216/nws12/312169935/1069/rss,,NA,NA,M001169,1973-08-03,1021270,NA,Christopher,male,Male,Murphy,https://www.govtrack.us/congress/members/christopher_murphy/412194,S.,Sen. Christopher Murphy [D-CT],,,N00027566,NA,"Murphy, Christopher (Sen.) [D-CT]",SenMurphyOffice,senchrismurphy
NA,,TRUE,Junior Senator for Hawaii,NA,2025-01-03,NA,Democrat,202-224-6361,senator,Senator,class1,Class 1,junior,Junior,2019-01-03,HI,Sen.,Senator,https://www.hirono.senate.gov,109 Hart Senate Office Building Washington DC 20510,https://www.hirono.senate.gov/contact,109 Hart Senate Office Building,http://www.hirono.senate.gov/rss/feeds/?type=all,,NA,NA,H001042,1947-11-03,91216,NA,Mazie,female,Female,Hirono,https://www.govtrack.us/congress/members/mazie_hirono/412200,K.,Sen. Mazie Hirono [D-HI],,,N00028139,NA,"Hirono, Mazie (Sen.) [D-HI]",MazieHirono,CongresswomanHirono
NA,,TRUE,Junior Senator for New York,NA,2025-01-03,NA,Democrat,202-224-4451,senator,Senator,class1,Class 1,junior,Junior,2019-01-03,NY,Sen.,Senator,https://www.gillibrand.senate.gov,478 Russell Senate Office Building Washington DC 20510,https://www.gillibrand.senate.gov/contact/email-me,478 Russell Senate Office Building,http://www.gillibrand.senate.gov/rss/,,NA,NA,G000555,1966-12-09,1022862,NA,Kirsten,female,Female,Gillibrand,https://www.govtrack.us/congress/members/kirsten_gillibrand/412223,E.,Sen. Kirsten Gillibrand [D-NY],,,N00027658,NA,"Gillibrand, Kirsten (Sen.) [D-NY]",GillibrandNY,KirstenEGillibrand
NA,,TRUE,Senior Senator for Minnesota,NA,2025-01-03,Senate Democratic Steering Committee Chair,Democrat,202-224-3244,senator,Senator,class1,Class 1,senior,Senior,2019-01-03,MN,Sen.,Senator,https://www.klobuchar.senate.gov,425 Dirksen Senate Office Building Washington DC 20510,https://www.klobuchar.senate.gov/public/index.cfm/contact,425 Dirksen Senate Office Building,NA,,NA,NA,K000367,1960-05-25,83701,NA,Amy,female,Female,Klobuchar,https://www.govtrack.us/congress/members/amy_klobuchar/412242,Jean,Sen. Amy Klobuchar [D-MN],,,N00027500,NA,"Klobuchar, Amy (Sen.) [D-MN]",SenAmyKlobuchar,senatorklobuchar
NA,,TRUE,Senior Senator for Montana,NA,2025-01-03,NA,Democrat,202-224-2644,senator,Senator,class1,Class 1,senior,Senior,2019-01-03,MT,Sen.,Senator,https://www.tester.senate.gov,311 Hart Senate Office Building Washington DC 20510,https://www.tester.senate.gov/?p=email_senator,311 Hart Senate Office Building,http://www.tester.senate.gov/rss/?p=hot_topic,,NA,NA,T000464,1956-08-21,1020176,NA,Jon,male,Male,Tester,https://www.govtrack.us/congress/members/jon_tester/412244,,Sen. Jon Tester [D-MT],,,N00027605,NA,"Tester, Jon (Sen.) [D-MT]",SenatorTester,senatorjontester
NA,,TRUE,Senior Senator for Pennsylvania,NA,2025-01-03,NA,Democrat,202-224-6324,senator,Senator,class1,Class 1,senior,Senior,2019-01-03,PA,Sen.,Senator,https://www.casey.senate.gov,393 Russell Senate Office Building Washington DC 20510,https://www.casey.senate.gov/contact,393 Russell Senate Office Building,http://www.casey.senate.gov/rss/feeds/?all,,NA,NA,C001070,1960-04-13,47036,NA,Robert,male,Male,Casey,https://www.govtrack.us/congress/members/robert_casey/412246,P.,Sen. Robert “Bob” Casey [D-PA],Jr.,Bob,N00027503,NA,"Casey, Robert “Bob” (Sen.) [D-PA]",SenBobCasey,SenatorBobCasey
NA,,TRUE,Junior Senator for Rhode Island,NA,2025-01-03,NA,Democrat,202-224-2921,senator,Senator,class1,Class 1,junior,Junior,2019-01-03,RI,Sen.,Senator,https://www.whitehouse.senate.gov,530 Hart Senate Office Building Washington DC 20510,https://www.whitehouse.senate.gov/contact/email-sheldon,530 Hart Senate Office Building,http://www.whitehouse.senate.gov/rss/feeds/?type=all&amp;cachebuster=1,,NA,NA,W000802,1955-10-20,92235,NA,Sheldon,male,Male,Whitehouse,https://www.govtrack.us/congress/members/sheldon_whitehouse/412247,,Sen. Sheldon Whitehouse [D-RI],,,N00027533,NA,"Whitehouse, Sheldon (Sen.) [D-RI]",SenWhitehouse,SenatorWhitehouse
NA,,TRUE,Senior Senator for Wyoming,NA,2025-01-03,Senate Republican Conference Chair,Republican,202-224-6441,senator,Senator,class1,Class 1,senior,Senior,2019-01-03,WY,Sen.,Senator,https://www.barrasso.senate.gov,307 Dirksen Senate Office Building Washington DC 20510,https://www.barrasso.senate.gov/public/index.cfm/contact-form,307 Dirksen Senate Office Building,http://www.barrasso.senate.gov/public/index.cfm?FuseAction=Rss.Feed,,NA,NA,B001261,1952-07-21,1024777,NA,John,male,Male,Barrasso,https://www.govtrack.us/congress/members/john_barrasso/412251,A.,Sen. John Barrasso [R-WY],,,N00006236,NA,"Barrasso, John (Sen.) [R-WY]",SenJohnBarrasso,barrassowyo
NA,,TRUE,Senior Senator for New Mexico,NA,2025-01-03,NA,Democrat,202-224-5521,senator,Senator,class1,Class 1,senior,Senior,2019-01-03,NM,Sen.,Senator,https://www.heinrich.senate.gov,709 Hart Senate Office Building Washington DC 20510,https://www.heinrich.senate.gov/contact,709 Hart Senate Office Building,NA,,NA,NA,H001046,1971-10-17,1030686,NA,Martin,male,Male,Heinrich,https://www.govtrack.us/congress/members/martin_heinrich/412281,,Sen. Martin Heinrich [D-NM],,,N00029835,NA,"Heinrich, Martin (Sen.) [D-NM]",MartinHeinrich,SenMartinHeinrich
Democrat,,TRUE,Senior Senator for West Virginia,NA,2025-01-03,Senate Democratic Policy & Communications Committee Vice Chair,Independent,202-224-3954,senator,Senator,class1,Class 1,senior,Senior,2019-01-03,WV,Sen.,Senator,https://www.manchin.senate.gov,306 Hart Senate Office Building Washington DC 20510,https://www.manchin.senate.gov/public/index.cfm/contact-form,306 Hart Senate Office Building,http://www.manchin.senate.gov/public/index.cfm/rss/feed,,NA,NA,M001183,1947-08-24,62864,NA,Joe,male,Male,Manchin,https://www.govtrack.us/congress/members/joe_manchin/412391,,Sen. Joe Manchin [I-WV],III,,N00032838,NA,"Manchin, Joe (Sen.) [I-WV]",Sen_JoeManchin,SenatorJoeManchin
Democrat,,TRUE,Senior Senator for Arizona,NA,2025-01-03,NA,Independent,202-224-4521,senator,Senator,class1,Class 1,senior,Senior,2019-01-03,AZ,Sen.,Senator,https://www.sinema.senate.gov,317 Hart Senate Office Building Washington DC 20510,https://www.sinema.senate.gov/contact-kyrsten,317 Hart Senate Office Building,NA,,NA,NA,S001191,1976-07-12,68489,NA,Kyrsten,female,Female,Sinema,https://www.govtrack.us/congress/members/kyrsten_sinema/412509,,Sen. Kyrsten Sinema [I-AZ],,,N00033983,NA,"Sinema, Kyrsten (Sen.) [I-AZ]",SenatorSinema,repsinema
NA,,TRUE,Senior Senator for Massachusetts,NA,2025-01-03,Senate Democratic Conference Vice Chair,Democrat,202-224-4543,senator,Senator,class1,Class 1,senior,Senior,2019-01-03,MA,Sen.,Senator,https://www.warren.senate.gov,309 Hart Senate Office Building Washington DC 20510,https://www.warren.senate.gov/?p=email_senator,309 Hart Senate Office Building,http://www.warren.senate.gov/rss/?p=hot_topic,,NA,NA,W000817,1949-06-22,1023023,NA,Elizabeth,female,Female,Warren,https://www.govtrack.us/congress/members/elizabeth_warren/412542,,Sen. Elizabeth Warren [D-MA],,,N00033492,NA,"Warren, Elizabeth (Sen.) [D-MA]",SenWarren,senelizabethwarren
Democrat,,TRUE,Junior Senator for Maine,NA,2025-01-03,NA,Independent,202-224-5344,senator,Senator,class1,Class 1,junior,Junior,2019-01-03,ME,Sen.,Senator,https://www.king.senate.gov,133 Hart Senate Office Building Washington DC 20510,https://www.king.senate.gov/contact,133 Hart Senate Office Building,http://www.king.senate.gov/rss/feeds/?type=all,,NA,NA,K000383,1944-03-31,37413,NA,Angus,male,Male,King,https://www.govtrack.us/congress/members/angus_king/412545,S.,Sen. Angus King [I-ME],Jr.,,N00034580,NA,"King, Angus (Sen.) [I-ME]",SenAngusKing,SenatorAngusKing
NA,,TRUE,Junior Senator for North Dakota,NA,2025-01-03,NA,Republican,202-224-2043,senator,Senator,class1,Class 1,junior,Junior,2019-01-03,ND,Sen.,Senator,https://www.cramer.senate.gov,313 Hart Senate Office Building Washington DC 20510,https://www.cramer.senate.gov/contact/contact-kevin,313 Hart Senate Office Building,NA,,NA,NA,C001096,1961-01-21,7600,NA,Kevin,male,Male,Cramer,https://www.govtrack.us/congress/members/kevin_cramer/412555,,Sen. Kevin Cramer [R-ND],,,N00004614,NA,"Cramer, Kevin (Sen.) [R-ND]",SenKevinCramer,kevincramer
NA,,TRUE,Senior Senator for Nebraska,NA,2025-01-03,NA,Republican,202-224-6551,senator,Senator,class1,Class 1,senior,Senior,2019-01-03,NE,Sen.,Senator,https://www.fischer.senate.gov,448 Russell Senate Office Building Washington DC 20510,https://www.fischer.senate.gov/public/index.cfm/contact,448 Russell Senate Office Building,http://www.fischer.senate.gov/public/index.cfm/rss/feed,,NA,NA,F000463,1951-03-01,1034067,NA,Deb,female,Female,Fischer,https://www.govtrack.us/congress/members/deb_fischer/412556,,Sen. Deb Fischer [R-NE],,,N00033443,NA,"Fischer, Deb (Sen.) [R-NE]",SenatorFischer,senatordebfischer
NA,,TRUE,Junior Senator for Texas,NA,2025-01-03,NA,Republican,202-224-5922,senator,Senator,class1,Class 1,junior,Junior,2019-01-03,TX,Sen.,Senator,https://www.cruz.senate.gov,167 Russell Senate Office Building Washington DC 20510,https://www.cruz.senate.gov/?p=form&id=16,167 Russell Senate Office Building,NA,,NA,NA,C001098,1970-12-22,1019953,NA,Ted,male,Male,Cruz,https://www.govtrack.us/congress/members/ted_cruz/412573,,Sen. Ted Cruz [R-TX],,,N00033085,NA,"Cruz, Ted (Sen.) [R-TX]",SenTedCruz,sentedcruz
NA,,TRUE,Junior Senator for Virginia,NA,2025-01-03,NA,Democrat,202-224-4024,senator,Senator,class1,Class 1,junior,Junior,2019-01-03,VA,Sen.,Senator,https://www.kaine.senate.gov,231 Russell Senate Office Building Washington DC 20510,https://www.kaine.senate.gov/contact,231 Russell Senate Office Building,http://www.kaine.senate.gov/rss/feeds/?type=all,,NA,NA,K000384,1958-02-26,49219,NA,Timothy,male,Male,Kaine,https://www.govtrack.us/congress/members/timothy_kaine/412582,,Sen. Timothy “Tim” Kaine [D-VA],,Tim,N00033177,NA,"Kaine, Timothy “Tim” (Sen.) [D-VA]",NA,SenatorTimKaine
NA,,TRUE,Junior Senator for Nevada,NA,2025-01-03,NA,Democrat,202-224-6244,senator,Senator,class1,Class 1,junior,Junior,2019-01-03,NV,Sen.,Senator,https://www.rosen.senate.gov,713 Hart Senate Office Building Washington DC 20510,https://www.rosen.senate.gov/contact_jacky,713 Hart Senate Office Building,NA,,NA,NA,R000608,1957-08-02,104738,NA,Jacky,female,Female,Rosen,https://www.govtrack.us/congress/members/jacky_rosen/412715,,Sen. Jacky Rosen [D-NV],,,N00038734,NA,"Rosen, Jacky (Sen.) [D-NV]",SenJackyRosen,NA
NA,,TRUE,Junior Senator for Florida,NA,2025-01-03,NA,Republican,202-224-5274,senator,Senator,class1,Class 1,junior,Junior,2019-01-08,FL,Sen.,Senator,https://www.rickscott.senate.gov,110 Hart Senate Office Building Washington DC 20510,https://www.rickscott.senate.gov/contact/contact,110 Hart Senate Office Building,NA,,NA,NA,S001217,1952-12-01,NA,NA,Rick,male,Male,Scott,https://www.govtrack.us/congress/members/rick_scott/412838,,Sen. Rick Scott [R-FL],,,N00043290,NA,"Scott, Rick (Sen.) [R-FL]",SenRickScott,NA
NA,,TRUE,Junior Senator for Indiana,NA,2025-01-03,NA,Republican,202-224-4814,senator,Senator,class1,Class 1,junior,Junior,2019-01-03,IN,Sen.,Senator,https://www.braun.senate.gov,404 Russell Senate Office Building Washington DC 20510,https://www.braun.senate.gov/contact-mike,404 Russell Senate Office Building,NA,,NA,NA,B001310,1954-03-24,NA,NA,Mike,male,Male,Braun,https://www.govtrack.us/congress/members/mike_braun/412839,,Sen. Mike Braun [R-IN],,,N00041731,NA,"Braun, Mike (Sen.) [R-IN]",SenatorBraun,NA
NA,,TRUE,Senior Senator for Missouri,NA,2025-01-03,NA,Republican,202-224-6154,senator,Senator,class1,Class 1,senior,Senior,2019-01-03,MO,Sen.,Senator,https://www.hawley.senate.gov,115 Russell Senate Office Building Washington DC 20510,https://www.hawley.senate.gov/contact-senator-hawley,115 Russell Senate Office Building,NA,,NA,NA,H001089,1979-12-31,NA,NA,Joshua,male,Male,Hawley,https://www.govtrack.us/congress/members/joshua_hawley/412840,,Sen. Joshua “Josh” Hawley [R-MO],,Josh,N00041620,NA,"Hawley, Joshua “Josh” (Sen.) [R-MO]",SenHawleyPress,NA
NA,,TRUE,Junior Senator for Utah,NA,2025-01-03,NA,Republican,202-224-5251,senator,Senator,class1,Class 1,junior,Junior,2019-01-03,UT,Sen.,Senator,https://www.romney.senate.gov,354 Russell Senate Office Building Washington DC 20510,https://www.romney.senate.gov/contact-senator-romney,354 Russell Senate Office Building,NA,,NA,NA,R000615,1947-03-12,NA,NA,Mitt,male,Male,Romney,https://www.govtrack.us/congress/members/mitt_romney/412841,,Sen. Mitt Romney [R-UT],,,N00000286,NA,"Romney, Mitt (Sen.) [R-UT]",SenatorRomney,NA
NA,,TRUE,Senior Senator for Maine,NA,2027-01-03,NA,Republican,202-224-2523,senator,Senator,class2,Class 2,senior,Senior,2021-01-03,ME,Sen.,Senator,https://www.collins.senate.gov,413 Dirksen Senate Office Building Washington DC 20510,https://www.collins.senate.gov/contact,413 Dirksen Senate Office Building,http://www.collins.senate.gov/public/?a=rss.feed,,NA,NA,C001035,1952-12-07,45738,NA,Susan,female,Female,Collins,https://www.govtrack.us/congress/members/susan_collins/300025,M.,Sen. Susan Collins [R-ME],,,N00000491,NA,"Collins, Susan (Sen.) [R-ME]",SenatorCollins,SenatorSusanCollins
NA,,TRUE,Senior Senator for Texas,NA,2027-01-03,NA,Republican,202-224-2934,senator,Senator,class2,Class 2,senior,Senior,2021-01-03,TX,Sen.,Senator,https://www.cornyn.senate.gov,517 Hart Senate Office Building Washington DC 20510,https://www.cornyn.senate.gov/contact,517 Hart Senate Office Building,http://www.cornyn.senate.gov/public/?a=rss.feed,,NA,NA,C001056,1952-02-02,93131,NA,John,male,Male,Cornyn,https://www.govtrack.us/congress/members/john_cornyn/300027,,Sen. John Cornyn [R-TX],,,N00024852,NA,"Cornyn, John (Sen.) [R-TX]",JohnCornyn,senjohncornyn
NA,,TRUE,Senior Senator for Illinois,NA,2027-01-03,Senate Majority Whip,Democrat,202-224-2152,senator,Senator,class2,Class 2,senior,Senior,2021-01-03,IL,Sen.,Senator,https://www.durbin.senate.gov,711 Hart Senate Office Building Washington DC 20510,https://www.durbin.senate.gov/contact/,711 Hart Senate Office Building,http://durbin.senate.gov/public/index.cfm/rss/feed,,NA,NA,D000563,1944-11-21,6741,NA,Richard,male,Male,Durbin,https://www.govtrack.us/congress/members/richard_durbin/300038,J.,Sen. Richard Durbin [D-IL],,,N00004981,NA,"Durbin, Richard (Sen.) [D-IL]",SenatorDurbin,SenatorDurbin
NA,,TRUE,Senior Senator for South Carolina,NA,2027-01-03,NA,Republican,202-224-5972,senator,Senator,class2,Class 2,senior,Senior,2021-01-03,SC,Sen.,Senator,https://www.lgraham.senate.gov/public,211 Russell Senate Office Building Washington DC 20510,https://www.lgraham.senate.gov/public/index.cfm/e-mail-senator-graham,211 Russell Senate Office Building,http://www.lgraham.senate.gov/public/index.cfm?FuseAction=Rss.Feed,,NA,NA,G000359,1955-07-09,36782,NA,Lindsey,male,Male,Graham,https://www.govtrack.us/congress/members/lindsey_graham/300047,O.,Sen. Lindsey Graham [R-SC],,,N00009975,NA,"Graham, Lindsey (Sen.) [R-SC]",GrahamBlog,USSenLindseyGraham
NA,,TRUE,Senior Senator for Kentucky,NA,2027-01-03,Senate Minority Leader,Republican,202-224-2541,senator,Senator,class2,Class 2,senior,Senior,2021-01-03,KY,Sen.,Senator,https://www.mcconnell.senate.gov,317 Russell Senate Office Building Washington DC 20510,https://www.mcconnell.senate.gov/public/index.cfm?p=contact,317 Russell Senate Office Building,http://www.mcconnell.senate.gov/public/?a=rss.feed,,NA,NA,M000355,1942-02-20,2351,NA,Mitch,male,Male,McConnell,https://www.govtrack.us/congress/members/mitch_mcconnell/300072,,Sen. Mitch McConnell [R-KY],,,N00003389,NA,"McConnell, Mitch (Sen.) [R-KY]",McConnellPress,NA
NA,,TRUE,Junior Senator for Oregon,NA,2027-01-03,NA,Democrat,202-224-3753,senator,Senator,class2,Class 2,junior,Junior,2021-01-03,OR,Sen.,Senator,https://www.merkley.senate.gov,531 Hart Senate Office Building Washington DC 20510,https://www.merkley.senate.gov/contact/,531 Hart Senate Office Building,http://www.merkley.senate.gov/rss/,,NA,NA,M001176,1956-10-24,1029842,NA,Jeff,male,Male,Merkley,https://www.govtrack.us/congress/members/jeff_merkley/412325,,Sen. Jeff Merkley [D-OR],,,N00029303,NA,"Merkley, Jeff (Sen.) [D-OR]",SenJeffMerkley,SenatorJeffMerkley
NA,,TRUE,Senior Senator for Rhode Island,NA,2027-01-03,NA,Democrat,202-224-4642,senator,Senator,class2,Class 2,senior,Senior,2021-01-03,RI,Sen.,Senator,https://www.reed.senate.gov,728 Hart Senate Office Building Washington DC 20510,https://www.reed.senate.gov/contact/,728 Hart Senate Office Building,https://www.reed.senate.gov//rss/feeds/?type=all,,NA,NA,R000122,1949-11-12,24239,NA,John,male,Male,Reed,https://www.govtrack.us/congress/members/john_reed/300081,F.,Sen. John F. “Jack” Reed [D-RI],,Jack,N00000362,NA,"Reed, John F. “Jack” (Sen.) [D-RI]",SenJackReed,SenatorReed
NA,,TRUE,Junior Senator for Idaho,NA,2027-01-03,NA,Republican,202-224-2752,senator,Senator,class2,Class 2,junior,Junior,2021-01-03,ID,Sen.,Senator,https://www.risch.senate.gov,483 Russell Senate Office Building Washington DC 20510,https://www.risch.senate.gov/public/index.cfm?p=Email,483 Russell Senate Office Building,NA,,NA,NA,R000584,1943-05-03,1020034,NA,James,male,Male,Risch,https://www.govtrack.us/congress/members/james_risch/412322,E.,Sen. James Risch [R-ID],,,N00029441,NA,"Risch, James (Sen.) [R-ID]",SenatorRisch,SenatorJamesRisch
NA,,TRUE,Senior Senator for New Hampshire,NA,2027-01-03,NA,Democrat,202-224-2841,senator,Senator,class2,Class 2,senior,Senior,2021-01-03,NH,Sen.,Senator,https://www.shaheen.senate.gov,506 Hart Senate Office Building Washington DC 20510,https://www.shaheen.senate.gov/contact/contact-jeanne,506 Hart Senate Office Building,http://www.shaheen.senate.gov/rss/,,NA,NA,S001181,1947-01-28,22850,NA,Jeanne,female,Female,Shaheen,https://www.govtrack.us/congress/members/jeanne_shaheen/412323,,Sen. Jeanne Shaheen [D-NH],,,N00024790,NA,"Shaheen, Jeanne (Sen.) [D-NH]",SenatorShaheen,senatorshaheen
NA,,TRUE,Senior Senator for Virginia,NA,2027-01-03,Senate Democratic Conference Vice Chair,Democrat,202-224-2023,senator,Senator,class2,Class 2,senior,Senior,2021-01-03,VA,Sen.,Senator,https://www.warner.senate.gov,703 Hart Senate Office Building Washington DC 20510,https://www.warner.senate.gov/public/index.cfm?p=Contact,703 Hart Senate Office Building,http://www.warner.senate.gov/public/?a=rss.feed,,NA,NA,W000805,1954-12-15,7630,NA,Mark,male,Male,Warner,https://www.govtrack.us/congress/members/mark_warner/412321,R.,Sen. Mark Warner [D-VA],,,N00002097,NA,"Warner, Mark (Sen.) [D-VA]",MarkWarner,SenatorMarkWarner
NA,,TRUE,Junior Senator for Delaware,NA,2027-01-03,NA,Democrat,202-224-5042,senator,Senator,class2,Class 2,junior,Junior,2021-01-03,DE,Sen.,Senator,https://www.coons.senate.gov,218 Russell Senate Office Building Washington DC 20510,https://www.coons.senate.gov/contact,218 Russell Senate Office Building,http://www.coons.senate.gov/rss/feeds/?type=all,,NA,NA,C001088,1963-09-09,9269028,NA,Christopher,male,Male,Coons,https://www.govtrack.us/congress/members/christopher_coons/412390,Andrew,Sen. Christopher Coons [D-DE],,,N00031820,NA,"Coons, Christopher (Sen.) [D-DE]",ChrisCoons,senatorchriscoons
NA,,TRUE,Junior Senator for West Virginia,NA,2027-01-03,Senate Republican Conference Vice Chair,Republican,202-224-6472,senator,Senator,class2,Class 2,junior,Junior,2021-01-03,WV,Sen.,Senator,https://www.capito.senate.gov,170 Russell Senate Office Building Washington DC 20510,https://www.capito.senate.gov/contact/contact-shelley,170 Russell Senate Office Building,NA,,NA,NA,C001047,1953-11-26,83737,NA,Shelley,female,Female,Capito,https://www.govtrack.us/congress/members/shelley_capito/400061,Moore,Sen. Shelley Moore Capito [R-WV],,,N00009771,NA,"Capito, Shelley (Sen.) [R-WV]",SenCapito,NA
NA,,TRUE,Senior Senator for Louisiana,NA,2027-01-03,NA,Republican,202-224-5824,senator,Senator,class2,Class 2,senior,Senior,2021-01-03,LA,Sen.,Senator,https://www.cassidy.senate.gov,455 Dirksen Senate Office Building Washington DC 20510,https://www.cassidy.senate.gov/contact,455 Dirksen Senate Office Building,NA,,NA,NA,C001075,1957-09-28,1030546,NA,Bill,male,Male,Cassidy,https://www.govtrack.us/congress/members/bill_cassidy/412269,,Sen. Bill Cassidy [R-LA],,,N00030245,NA,"Cassidy, Bill (Sen.) [R-LA]",SenBillCassidy,SenatorBillCassidy
NA,,TRUE,Junior Senator for New Mexico,NA,2027-01-03,NA,Democrat,202-224-6621,senator,Senator,class2,Class 2,junior,Junior,2021-01-03,NM,Sen.,Senator,https://www.lujan.senate.gov,498 Russell Senate Office Building Washington DC 20510,https://www.lujan.senate.gov/contact/,498 Russell Senate Office Building,NA,,NA,NA,L000570,1972-06-07,1031351,NA,Ben,male,Male,Luján,https://www.govtrack.us/congress/members/ben_lujan/412293,Ray,Sen. Ben Ray Luján [D-NM],,,N00029562,NA,"Luján, Ben (Sen.) [D-NM]",SenatorLujan,NA
NA,,TRUE,Junior Senator for Massachusetts,NA,2027-01-03,NA,Democrat,202-224-2742,senator,Senator,class2,Class 2,junior,Junior,2021-01-03,MA,Sen.,Senator,https://www.markey.senate.gov,255 Dirksen Senate Office Building Washington DC 20510,https://www.markey.senate.gov/contact,255 Dirksen Senate Office Building,NA,,NA,NA,M000133,1946-07-11,260,NA,Edward,male,Male,Markey,https://www.govtrack.us/congress/members/edward_markey/400253,J.,Sen. Edward “Ed” Markey [D-MA],,Ed,N00000270,NA,"Markey, Edward “Ed” (Sen.) [D-MA]",SenMarkey,RepMarkey
NA,,TRUE,Junior Senator for Michigan,NA,2027-01-03,NA,Democrat,202-224-6221,senator,Senator,class2,Class 2,junior,Junior,2021-01-03,MI,Sen.,Senator,https://www.peters.senate.gov,724 Hart Senate Office Building Washington DC 20510,https://www.peters.senate.gov/contact/email-gary,724 Hart Senate Office Building,NA,,NA,NA,P000595,1958-12-01,50199,NA,Gary,male,Male,Peters,https://www.govtrack.us/congress/members/gary_peters/412305,C.,Sen. Gary Peters [D-MI],,,N00029277,NA,"Peters, Gary (Sen.) [D-MI]",SenGaryPeters,RepGaryPeters
NA,,TRUE,Junior Senator for Arkansas,NA,2027-01-03,NA,Republican,202-224-2353,senator,Senator,class2,Class 2,junior,Junior,2021-01-03,AR,Sen.,Senator,https://www.cotton.senate.gov,326 Russell Senate Office Building Washington DC 20510,https://www.cotton.senate.gov/contact/contact-tom,326 Russell Senate Office Building,NA,,NA,NA,C001095,1977-05-13,63928,NA,Tom,male,Male,Cotton,https://www.govtrack.us/congress/members/tom_cotton/412508,,Sen. Tom Cotton [R-AR],,,N00033363,NA,"Cotton, Tom (Sen.) [R-AR]",SenTomCotton,RepTomCotton
NA,,TRUE,Junior Senator for Montana,NA,2027-01-03,NA,Republican,202-224-2651,senator,Senator,class2,Class 2,junior,Junior,2021-01-03,MT,Sen.,Senator,https://www.daines.senate.gov,320 Hart Senate Office Building Washington DC 20510,https://www.daines.senate.gov/connect/email-steve,320 Hart Senate Office Building,NA,,NA,NA,D000618,1962-08-20,1034037,NA,Steve,male,Male,Daines,https://www.govtrack.us/congress/members/steve_daines/412549,,Sen. Steve Daines [R-MT],,,N00033054,NA,"Daines, Steve (Sen.) [R-MT]",SteveDaines,SteveDainesMT
NA,,TRUE,Junior Senator for New Jersey,NA,2027-01-03,Senate Democratic Policy & Communications Committee Vice Chair,Democrat,202-224-3224,senator,Senator,class2,Class 2,junior,Junior,2021-01-03,NJ,Sen.,Senator,https://www.booker.senate.gov,717 Hart Senate Office Building Washington DC 20510,https://www.booker.senate.gov/?p=contact,717 Hart Senate Office Building,NA,,NA,NA,B001288,1969-04-27,84679,NA,Cory,male,Male,Booker,https://www.govtrack.us/congress/members/cory_booker/412598,Anthony,Sen. Cory Booker [D-NJ],,,N00035267,NA,"Booker, Cory (Sen.) [D-NJ]",SenBooker,SenCoryBooker
NA,,TRUE,Junior Senator for Alaska,NA,2027-01-03,NA,Republican,202-224-3004,senator,Senator,class2,Class 2,junior,Junior,2021-01-03,AK,Sen.,Senator,https://www.sullivan.senate.gov,302 Hart Senate Office Building Washington DC 20510,https://www.sullivan.senate.gov/contact/email,302 Hart Senate Office Building,NA,,NA,NA,S001198,1964-11-13,1023262,NA,Dan,male,Male,Sullivan,https://www.govtrack.us/congress/members/dan_sullivan/412665,,Sen. Dan Sullivan [R-AK],,,N00035774,NA,"Sullivan, Dan (Sen.) [R-AK]",SenDanSullivan,NA
NA,,TRUE,Junior Senator for Iowa,NA,2027-01-03,Senate Republican Policy Committee Chair,Republican,202-224-3254,senator,Senator,class2,Class 2,junior,Junior,2021-01-03,IA,Sen.,Senator,https://www.ernst.senate.gov,260 Russell Senate Office Building Washington DC 20510,https://www.ernst.senate.gov/public/index.cfm/contact,260 Russell Senate Office Building,NA,,NA,NA,E000295,1970-07-01,75342,NA,Joni,female,Female,Ernst,https://www.govtrack.us/congress/members/joni_ernst/412667,,Sen. Joni Ernst [R-IA],,,N00035483,NA,"Ernst, Joni (Sen.) [R-IA]",SenJoniErnst,NA
NA,,TRUE,Senior Senator for North Carolina,NA,2027-01-03,NA,Republican,202-224-6342,senator,Senator,class2,Class 2,senior,Senior,2021-01-03,NC,Sen.,Senator,https://www.tillis.senate.gov,113 Dirksen Senate Office Building Washington DC 20510,https://www.tillis.senate.gov/public/index.cfm/email-me,113 Dirksen Senate Office Building,NA,,NA,NA,T000476,1960-08-30,77055,NA,Thom,male,Male,Tillis,https://www.govtrack.us/congress/members/thom_tillis/412668,,Sen. Thom Tillis [R-NC],,,N00035492,NA,"Tillis, Thom (Sen.) [R-NC]",SenThomTillis,NA
NA,,TRUE,Junior Senator for South Dakota,NA,2027-01-03,NA,Republican,202-224-5842,senator,Senator,class2,Class 2,junior,Junior,2021-01-03,SD,Sen.,Senator,https://www.rounds.senate.gov,716 Hart Senate Office Building Washington DC 20510,https://www.rounds.senate.gov/contact/email-mike,716 Hart Senate Office Building,NA,,NA,NA,R000605,1954-10-24,78317,NA,Mike,male,Male,Rounds,https://www.govtrack.us/congress/members/mike_rounds/412669,,Sen. Mike Rounds [R-SD],,,N00035187,NA,"Rounds, Mike (Sen.) [R-SD]",SenatorRounds,NA
NA,,TRUE,Junior Senator for Kansas,NA,2027-01-03,NA,Republican,202-224-4774,senator,Senator,class2,Class 2,junior,Junior,2021-01-03,KS,Sen.,Senator,https://www.marshall.senate.gov,479A Russell Senate Office Building Washington DC 20510,https://www.marshall.senate.gov/contact/,479a Russell Senate Office Building,NA,,NA,NA,M001198,1960-08-09,103425,NA,Roger,male,Male,Marshall,https://www.govtrack.us/congress/members/roger_marshall/412704,,Sen. Roger Marshall [R-KS],,,N00037034,NA,"Marshall, Roger (Sen.) [R-KS]",SenatorMarshall,NA
NA,,TRUE,Junior Senator for Minnesota,NA,2027-01-03,NA,Democrat,202-224-5641,senator,Senator,class2,Class 2,junior,Junior,2021-01-03,MN,Sen.,Senator,https://www.smith.senate.gov,720 Hart Senate Office Building Washington DC 20510,https://www.smith.senate.gov/share-your-opinion/,720 Hart Senate Office Building,NA,,NA,NA,S001203,1958-03-04,111313,NA,Tina,female,Female,Smith,https://www.govtrack.us/congress/members/tina_smith/412742,Flint,Sen. Tina Smith [D-MN],,,N00042353,NA,"Smith, Tina (Sen.) [D-MN]",SenTinaSmith,NA
NA,,TRUE,Junior Senator for Mississippi,NA,2027-01-03,NA,Republican,202-224-5054,senator,Senator,class2,Class 2,junior,Junior,2021-01-03,MS,Sen.,Senator,https://www.hydesmith.senate.gov,702 Hart Senate Office Building Washington DC 20510,https://www.hydesmith.senate.gov/contact-senator,702 Hart Senate Office Building,NA,,NA,NA,H001079,1959-05-10,113208,NA,Cindy,female,Female,Hyde-Smith,https://www.govtrack.us/congress/members/cindy_hyde_smith/412743,,Sen. Cindy Hyde-Smith [R-MS],,,N00043298,NA,"Hyde-Smith, Cindy (Sen.) [R-MS]",SenHydeSmith,NA
NA,,TRUE,Junior Senator for Wyoming,NA,2027-01-03,NA,Republican,202-224-3424,senator,Senator,class2,Class 2,junior,Junior,2021-01-03,WY,Sen.,Senator,https://www.lummis.senate.gov,127A Russell Senate Office Building Washington DC 20510,https://www.lummis.senate.gov/contact/contact-form/,127a Russell Senate Office Building,NA,,NA,NA,L000571,1954-09-10,1031365,NA,Cynthia,female,Female,Lummis,https://www.govtrack.us/congress/members/cynthia_lummis/412294,M.,Sen. Cynthia Lummis [R-WY],,,N00029788,NA,"Lummis, Cynthia (Sen.) [R-WY]",SenLummis,NA
NA,,TRUE,Senior Senator for Alabama,NA,2027-01-03,NA,Republican,202-224-4124,senator,Senator,class2,Class 2,senior,Senior,2021-01-03,AL,Sen.,Senator,https://www.tuberville.senate.gov,455 Russell Senate Office Building Washington DC 20510,https://www.tuberville.senate.gov/contact/contact-form/,455 Russell Senate Office Building,NA,,NA,NA,T000278,1954-09-18,NA,NA,Tommy,male,Male,Tuberville,https://www.govtrack.us/congress/members/tommy_tuberville/456796,Hawley,Sen. Tommy Tuberville [R-AL],,,N00044434,NA,"Tuberville, Tommy (Sen.) [R-AL]",SenTuberville,NA
NA,,TRUE,Junior Senator for Colorado,NA,2027-01-03,NA,Democrat,202-224-5941,senator,Senator,class2,Class 2,junior,Junior,2021-01-03,CO,Sen.,Senator,https://www.hickenlooper.senate.gov,374 Russell Senate Office Building Washington DC 20510,https://www.hickenlooper.senate.gov/contact/,374 Russell Senate Office Building,NA,,NA,NA,H000273,1952-02-07,NA,NA,John,male,Male,Hickenlooper,https://www.govtrack.us/congress/members/john_hickenlooper/456797,Wright,Sen. John Hickenlooper [D-CO],,,N00044206,NA,"Hickenlooper, John (Sen.) [D-CO]",SenatorHick,NA
NA,,TRUE,Junior Senator for Tennessee,NA,2027-01-03,NA,Republican,202-224-4944,senator,Senator,class2,Class 2,junior,Junior,2021-01-03,TN,Sen.,Senator,https://www.hagerty.senate.gov,251 Russell Senate Office Building Washington DC 20510,https://www.hagerty.senate.gov/email-me/,251 Russell Senate Office Building,NA,,NA,NA,H000601,1959-08-14,NA,NA,Bill,male,Male,Hagerty,https://www.govtrack.us/congress/members/bill_hagerty/456798,Francis,Sen. Bill Hagerty [R-TN],,,N00045369,NA,"Hagerty, Bill (Sen.) [R-TN]",SenatorHagerty,NA
NA,,TRUE,Senior Senator for Georgia,NA,2027-01-03,NA,Democrat,202-224-3521,senator,Senator,class2,Class 2,senior,Senior,2021-01-20,GA,Sen.,Senator,https://www.ossoff.senate.gov,303 Hart Senate Office Building Washington DC 20510,https://www.ossoff.senate.gov/contact-us/,303 Hart Senate Office Building,NA,,NA,NA,O000174,1987-02-16,NA,NA,Jon,male,Male,Ossoff,https://www.govtrack.us/congress/members/jon_ossoff/456857,,Sen. Jon Ossoff [D-GA],,,N00040675,NA,"Ossoff, Jon (Sen.) [D-GA]",SenOssoff,NA
NA,,TRUE,Senior Senator for Colorado,NA,2029-01-03,NA,Democrat,202-224-5852,senator,Senator,class3,Class 3,senior,Senior,2023-01-03,CO,Sen.,Senator,https://www.bennet.senate.gov/public,261 Russell Senate Office Building Washington DC 20510,https://www.bennet.senate.gov/public/index.cfm/contact,261 Russell Senate Office Building,http://www.bennet.senate.gov/rss/feeds/?type=news,,NA,NA,B001267,1964-11-28,1031622,NA,Michael,male,Male,Bennet,https://www.govtrack.us/congress/members/michael_bennet/412330,F.,Sen. Michael Bennet [D-CO],,,N00030608,NA,"Bennet, Michael (Sen.) [D-CO]",SenatorBennet,SenatorBennet
NA,,TRUE,Senior Senator for Connecticut,NA,2029-01-03,NA,Democrat,202-224-2823,senator,Senator,class3,Class 3,senior,Senior,2023-01-03,CT,Sen.,Senator,https://www.blumenthal.senate.gov,706 Hart Senate Office Building Washington DC 20510,https://www.blumenthal.senate.gov/contact/,706 Hart Senate Office Building,http://www.blumenthal.senate.gov/rss/feeds/?type=all,,NA,NA,B001277,1946-02-13,21799,NA,Richard,male,Male,Blumenthal,https://www.govtrack.us/congress/members/richard_blumenthal/412490,,Sen. Richard Blumenthal [D-CT],,,N00031685,NA,"Blumenthal, Richard (Sen.) [D-CT]",SenBlumenthal,SenatorBlumenthal
NA,,TRUE,Senior Senator for Arkansas,NA,2029-01-03,NA,Republican,202-224-4843,senator,Senator,class3,Class 3,senior,Senior,2023-01-03,AR,Sen.,Senator,https://www.boozman.senate.gov/public,555 Dirksen Senate Office Building Washington DC 20510,https://www.boozman.senate.gov/public/index.cfm/contact,555 Dirksen Senate Office Building,http://www.boozman.senate.gov/public/index.cfm/rss/feed,,NA,NA,B001236,1950-12-10,92069,NA,John,male,Male,Boozman,https://www.govtrack.us/congress/members/john_boozman/400040,,Sen. John Boozman [R-AR],,,N00013873,NA,"Boozman, John (Sen.) [R-AR]",JohnBoozman,BoozmanPressOffice
NA,,TRUE,Senior Senator for Idaho,NA,2029-01-03,NA,Republican,202-224-6142,senator,Senator,class3,Class 3,senior,Senior,2023-01-03,ID,Sen.,Senator,https://www.crapo.senate.gov,239 Dirksen Senate Office Building Washington DC 20510,https://www.crapo.senate.gov/contact,239 Dirksen Senate Office Building,NA,,NA,NA,C000880,1951-05-20,26440,NA,Michael,male,Male,Crapo,https://www.govtrack.us/congress/members/michael_crapo/300030,D.,Sen. Michael “Mike” Crapo [R-ID],,Mike,N00006267,NA,"Crapo, Michael “Mike” (Sen.) [R-ID]",MikeCrapo,senatorcrapo
NA,,TRUE,Senior Senator for Iowa,NA,2029-01-03,NA,Republican,202-224-3744,senator,Senator,class3,Class 3,senior,Senior,2023-01-03,IA,Sen.,Senator,https://www.grassley.senate.gov,135 Hart Senate Office Building Washington DC 20510,https://www.grassley.senate.gov/contact,135 Hart Senate Office Building,http://grassley.senate.gov/customcf/rss_feed.cfm,,NA,NA,G000386,1933-09-17,1167,NA,Charles,male,Male,Grassley,https://www.govtrack.us/congress/members/charles_grassley/300048,E.,Sen. Charles “Chuck” Grassley [R-IA],,Chuck,N00001758,NA,"Grassley, Charles “Chuck” (Sen.) [R-IA]",ChuckGrassley,senchuckgrassley
NA,,TRUE,Senior Senator for North Dakota,NA,2029-01-03,NA,Republican,202-224-2551,senator,Senator,class3,Class 3,senior,Senior,2023-01-03,ND,Sen.,Senator,https://www.hoeven.senate.gov,338 Russell Senate Office Building Washington DC 20510,https://www.hoeven.senate.gov/contact/contact-the-senator,338 Russell Senate Office Building,http://www.hoeven.senate.gov/public/index.cfm/rss/feed,,NA,NA,H001061,1957-03-13,85233,NA,John,male,Male,Hoeven,https://www.govtrack.us/congress/members/john_hoeven/412494,,Sen. John Hoeven [R-ND],,,N00031688,NA,"Hoeven, John (Sen.) [R-ND]",SenJohnHoeven,senatorjohnhoevennd
NA,,TRUE,Senior Senator for Wisconsin,NA,2029-01-03,NA,Republican,202-224-5323,senator,Senator,class3,Class 3,senior,Senior,2023-01-03,WI,Sen.,Senator,https://www.ronjohnson.senate.gov,328 Hart Senate Office Building Washington DC 20510,https://www.ronjohnson.senate.gov/public/index.cfm/email-the-senator,328 Hart Senate Office Building,http://www.ronjohnson.senate.gov/public/index.cfm/rss/feed,,NA,NA,J000293,1955-04-08,62835,NA,Ron,male,Male,Johnson,https://www.govtrack.us/congress/members/ron_johnson/412496,,Sen. Ron Johnson [R-WI],,,N00032546,NA,"Johnson, Ron (Sen.) [R-WI]",SenRonJohnson,SenatorRonJohnson
NA,,TRUE,Senior Senator for Oklahoma,NA,2029-01-03,NA,Republican,202-224-5754,senator,Senator,class3,Class 3,senior,Senior,2023-01-03,OK,Sen.,Senator,https://www.lankford.senate.gov,316 Hart Senate Office Building Washington DC 20510,https://www.lankford.senate.gov/contact/email,316 Hart Senate Office Building,NA,,NA,NA,L000575,1968-03-04,1033847,NA,James,male,Male,Lankford,https://www.govtrack.us/congress/members/james_lankford/412464,,Sen. James Lankford [R-OK],,,N00031129,NA,"Lankford, James (Sen.) [R-OK]",SenatorLankford,SenatorLankford
NA,,TRUE,Senior Senator for Utah,NA,2029-01-03,NA,Republican,202-224-5444,senator,Senator,class3,Class 3,senior,Senior,2023-01-03,UT,Sen.,Senator,https://www.lee.senate.gov,363 Russell Senate Office Building Washington DC 20510,https://www.lee.senate.gov/public/index.cfm/contact,363 Russell Senate Office Building,http://www.lee.senate.gov/public/index.cfm/rss/feed,,NA,NA,L000577,1971-06-04,9267977,NA,Mike,male,Male,Lee,https://www.govtrack.us/congress/members/mike_lee/412495,,Sen. Mike Lee [R-UT],,,N00031696,NA,"Lee, Mike (Sen.) [R-UT]",SenMikeLee,senatormikelee
NA,,TRUE,Senior Senator for Kansas,NA,2029-01-03,NA,Republican,202-224-6521,senator,Senator,class3,Class 3,senior,Senior,2023-01-03,KS,Sen.,Senator,https://www.moran.senate.gov,521 Dirksen Senate Office Building Washington DC 20510,https://www.moran.senate.gov/public/index.cfm/e-mail-jerry,521 Dirksen Senate Office Building,http://www.moran.senate.gov/public/index.cfm/rss/feed/,,NA,NA,M000934,1954-05-29,45469,NA,Jerry,male,Male,Moran,https://www.govtrack.us/congress/members/jerry_moran/400284,,Sen. Jerry Moran [R-KS],,,N00005282,NA,"Moran, Jerry (Sen.) [R-KS]",JerryMoran,senatorjerrymoran
NA,,TRUE,Senior Senator for Alaska,NA,2029-01-03,NA,Republican,202-224-6665,senator,Senator,class3,Class 3,senior,Senior,2023-01-03,AK,Sen.,Senator,https://www.murkowski.senate.gov,522 Hart Senate Office Building Washington DC 20510,https://www.murkowski.senate.gov/public/index.cfm/contact,522 Hart Senate Office Building,http://www.murkowski.senate.gov/public/?a=rss.feed,,NA,NA,M001153,1957-05-22,1004138,NA,Lisa,female,Female,Murkowski,https://www.govtrack.us/congress/members/lisa_murkowski/300075,A.,Sen. Lisa Murkowski [R-AK],,,N00026050,NA,"Murkowski, Lisa (Sen.) [R-AK]",LisaMurkowski,senatormurkowski
NA,,TRUE,Senior Senator for Washington,NA,2029-01-03,President Pro Tempore of the Senate,Democrat,202-224-2621,senator,Senator,class3,Class 3,senior,Senior,2023-01-03,WA,Sen.,Senator,https://www.murray.senate.gov,154 Russell Senate Office Building Washington DC 20510,https://www.murray.senate.gov/write-to-patty/,154 Russell Senate Office Building,http://www.murray.senate.gov/public/?a=rss.feed,,NA,NA,M001111,1950-10-11,25277,NA,Patty,female,Female,Murray,https://www.govtrack.us/congress/members/patty_murray/300076,,Sen. Patty Murray [D-WA],,,N00007876,NA,"Murray, Patty (Sen.) [D-WA]",PattyMurray,SenatorPattyMurray
NA,,TRUE,Junior Senator for Kentucky,NA,2029-01-03,NA,Republican,202-224-4343,senator,Senator,class3,Class 3,junior,Junior,2023-01-03,KY,Sen.,Senator,https://www.paul.senate.gov,295 Russell Senate Office Building Washington DC 20510,https://www.paul.senate.gov/connect/email-rand,295 Russell Senate Office Building,http://paul.senate.gov/rss/?p=news,,NA,NA,P000603,1963-01-07,9265241,NA,Rand,male,Male,Paul,https://www.govtrack.us/congress/members/rand_paul/412492,,Sen. Rand Paul [R-KY],,,N00030836,NA,"Paul, Rand (Sen.) [R-KY]",SenRandPaul,SenatorRandPaul
NA,,TRUE,Senior Senator for Florida,NA,2029-01-03,NA,Republican,202-224-3041,senator,Senator,class3,Class 3,senior,Senior,2023-01-03,FL,Sen.,Senator,https://www.rubio.senate.gov,284 Russell Senate Office Building Washington DC 20510,https://www.rubio.senate.gov/public/index.cfm/contact,284 Russell Senate Office Building,http://www.rubio.senate.gov/public/?a=rss.feed,,NA,NA,R000595,1971-05-28,87599,NA,Marco,male,Male,Rubio,https://www.govtrack.us/congress/members/marco_rubio/412491,,Sen. Marco Rubio [R-FL],,,N00030612,NA,"Rubio, Marco (Sen.) [R-FL]",SenRubioPress,SenatorMarcoRubio
NA,,TRUE,Senior Senator for New York,NA,2029-01-03,Senate Majority Leader,Democrat,202-224-6542,senator,Senator,class3,Class 3,senior,Senior,2023-01-03,NY,Sen.,Senator,https://www.schumer.senate.gov,322 Hart Senate Office Building Washington DC 20510,https://www.schumer.senate.gov/contact/email-chuck,322 Hart Senate Office Building,NA,,NA,NA,S000148,1950-11-23,5929,NA,Charles,male,Male,Schumer,https://www.govtrack.us/congress/members/charles_schumer/300087,E.,Sen. Charles “Chuck” Schumer [D-NY],,Chuck,N00001093,NA,"Schumer, Charles “Chuck” (Sen.) [D-NY]",SenSchumer,SenatorSchumer
NA,,TRUE,Junior Senator for South Carolina,NA,2029-01-03,NA,Republican,202-224-6121,senator,Senator,class3,Class 3,junior,Junior,2023-01-03,SC,Sen.,Senator,https://www.scott.senate.gov,104 Hart Senate Office Building Washington DC 20510,https://www.scott.senate.gov/contact/email-me,104 Hart Senate Office Building,http://www.scott.senate.gov/rss.xml,,NA,NA,S001184,1965-09-19,623506,NA,Tim,male,Male,Scott,https://www.govtrack.us/congress/members/tim_scott/412471,,Sen. Tim Scott [R-SC],,,N00031782,NA,"Scott, Tim (Sen.) [R-SC]",SenatorTimScott,SenatorTimScott
NA,,TRUE,Senior Senator for South Dakota,NA,2029-01-03,Senate Minority Whip,Republican,202-224-2321,senator,Senator,class3,Class 3,senior,Senior,2023-01-03,SD,Sen.,Senator,https://www.thune.senate.gov,511 Dirksen Senate Office Building Washington DC 20510,https://www.thune.senate.gov/public/index.cfm/contact,511 Dirksen Senate Office Building,http://www.thune.senate.gov/public/index.cfm/rss/feed,,NA,NA,T000250,1961-01-07,45552,NA,John,male,Male,Thune,https://www.govtrack.us/congress/members/john_thune/400546,,Sen. John Thune [R-SD],,,N00004572,NA,"Thune, John (Sen.) [R-SD]",SenJohnThune,johnthune
NA,,TRUE,Junior Senator for Maryland,NA,2029-01-03,NA,Democrat,202-224-4654,senator,Senator,class3,Class 3,junior,Junior,2023-01-03,MD,Sen.,Senator,https://www.vanhollen.senate.gov,730 Hart Senate Office Building Washington DC 20510,https://www.vanhollen.senate.gov/contact/email,730 Hart Senate Office Building,NA,,NA,NA,V000128,1959-01-10,20756,NA,Chris,male,Male,Van Hollen,https://www.govtrack.us/congress/members/chris_van_hollen/400415,,Sen. Chris Van Hollen [D-MD],,,N00013820,NA,"Van Hollen, Chris (Sen.) [D-MD]",ChrisVanHollen,RepChrisVanHollen
NA,,TRUE,Junior Senator for Vermont,NA,2029-01-03,NA,Democrat,202-224-4242,senator,Senator,class3,Class 3,junior,Junior,2023-01-03,VT,Sen.,Senator,https://www.welch.senate.gov,124 Russell Senate Office Building Washington DC 20510,https://www.welch.senate.gov/email-peter/,124 Russell Senate Office Building,NA,,NA,NA,W000800,1947-05-02,1019990,NA,Peter,male,Male,Welch,https://www.govtrack.us/congress/members/peter_welch/412239,,Sen. Peter Welch [D-VT],,,N00000515,NA,"Welch, Peter (Sen.) [D-VT]",PeterWelch,reppeterwelch
NA,,TRUE,Senior Senator for Oregon,NA,2029-01-03,NA,Democrat,202-224-5244,senator,Senator,class3,Class 3,senior,Senior,2023-01-03,OR,Sen.,Senator,https://www.wyden.senate.gov,221 Dirksen Senate Office Building Washington DC 20510,https://www.wyden.senate.gov/contact/,221 Dirksen Senate Office Building,http://www.wyden.senate.gov/rss/feeds/?type=all&amp;,,NA,NA,W000779,1949-05-03,1962,NA,Ron,male,Male,Wyden,https://www.govtrack.us/congress/members/ron_wyden/300100,,Sen. Ron Wyden [D-OR],,,N00007724,NA,"Wyden, Ron (Sen.) [D-OR]",RonWyden,senronwyden
NA,,TRUE,Senior Senator for Indiana,NA,2029-01-03,NA,Republican,202-224-5623,senator,Senator,class3,Class 3,senior,Senior,2023-01-03,IN,Sen.,Senator,https://www.young.senate.gov,185 Dirksen Senate Office Building Washington DC 20510,https://www.young.senate.gov/contact,185 Dirksen Senate Office Building,NA,,NA,NA,Y000064,1972-08-24,1033743,NA,Todd,male,Male,Young,https://www.govtrack.us/congress/members/todd_young/412428,C.,Sen. Todd Young [R-IN],,,N00030670,NA,"Young, Todd (Sen.) [R-IN]",SenToddYoung,RepToddYoung
NA,,TRUE,Senior Senator for Hawaii,NA,2029-01-03,Senate Democratic Conference Deputy Secretary,Democrat,202-224-3934,senator,Senator,class3,Class 3,senior,Senior,2023-01-03,HI,Sen.,Senator,https://www.schatz.senate.gov,722 Hart Senate Office Building Washington DC 20510,https://www.schatz.senate.gov/contact,722 Hart Senate Office Building,NA,,NA,NA,S001194,1972-10-20,87784,NA,Brian,male,Male,Schatz,https://www.govtrack.us/congress/members/brian_schatz/412507,Emanuel,Sen. Brian Schatz [D-HI],,,N00028138,NA,"Schatz, Brian (Sen.) [D-HI]",SenBrianSchatz,senbrianschatz
NA,,TRUE,Junior Senator for Illinois,NA,2029-01-03,NA,Democrat,202-224-2854,senator,Senator,class3,Class 3,junior,Junior,2023-01-03,IL,Sen.,Senator,https://www.duckworth.senate.gov,524 Hart Senate Office Building Washington DC 20510,https://www.duckworth.senate.gov/content/contact-senator,524 Hart Senate Office Building,NA,,NA,NA,D000622,1968-03-12,94484,NA,Tammy,female,Female,Duckworth,https://www.govtrack.us/congress/members/tammy_duckworth/412533,,Sen. Tammy Duckworth [D-IL],,,N00027860,NA,"Duckworth, Tammy (Sen.) [D-IL]",SenDuckworth,repduckworth
NA,,TRUE,Junior Senator for Oklahoma,NA,2027-01-03,NA,Republican,202-224-4721,senator,Senator,class2,Class 2,junior,Junior,2023-01-03,OK,Sen.,Senator,https://www.mullin.senate.gov,330 Hart Senate Office Building Washington DC 20510,https://www.mullin.senate.gov/contact/,330 Hart Senate Office Building,NA,,NA,NA,M001190,1977-07-26,1034045,NA,Markwayne,male,Male,Mullin,https://www.govtrack.us/congress/members/markwayne_mullin/412568,,Sen. Markwayne Mullin [R-OK],,,N00033410,NA,"Mullin, Markwayne (Sen.) [R-OK]",SenMullin,NA
NA,,TRUE,Junior Senator for Louisiana,NA,2029-01-03,NA,Republican,202-224-4623,senator,Senator,class3,Class 3,junior,Junior,2023-01-03,LA,Sen.,Senator,https://www.kennedy.senate.gov/public,437 Russell Senate Office Building Washington DC 20510,https://www.kennedy.senate.gov/public/email-me,437 Russell Senate Office Building,NA,,NA,NA,K000393,1951-11-21,1011723,NA,John,male,Male,Kennedy,https://www.govtrack.us/congress/members/john_kennedy/412679,Neely,Sen. John Neely Kennedy [R-LA],,,N00026823,NA,"Kennedy, John Neely (Sen.) [R-LA]",SenJohnKennedy,NA
NA,,TRUE,Junior Senator for New Hampshire,NA,2029-01-03,NA,Democrat,202-224-3324,senator,Senator,class3,Class 3,junior,Junior,2023-01-03,NH,Sen.,Senator,https://www.hassan.senate.gov,324 Hart Senate Office Building Washington DC 20510,https://www.hassan.senate.gov/content/contact-senator,324 Hart Senate Office Building,NA,,NA,NA,H001076,1958-02-27,67481,NA,Margaret,female,Female,Hassan,https://www.govtrack.us/congress/members/margaret_hassan/412680,Wood,Sen. Margaret “Maggie” Hassan [D-NH],,Maggie,N00038397,NA,"Hassan, Margaret “Maggie” (Sen.) [D-NH]",SenatorHassan,NA
NA,,TRUE,Senior Senator for Nevada,NA,2029-01-03,Senate Democratic Outreach Vice Chair,Democrat,202-224-3542,senator,Senator,class3,Class 3,senior,Senior,2023-01-03,NV,Sen.,Senator,https://www.cortezmasto.senate.gov,520 Hart Senate Office Building Washington DC 20510,https://www.cortezmasto.senate.gov/contact,520 Hart Senate Office Building,NA,,NA,NA,C001113,1964-03-29,105698,NA,Catherine,female,Female,Cortez Masto,https://www.govtrack.us/congress/members/catherine_cortez_masto/412681,,Sen. Catherine Cortez Masto [D-NV],,,N00037161,NA,"Cortez Masto, Catherine (Sen.) [D-NV]",SenCortezMasto,NA
NA,,TRUE,Junior Senator for North Carolina,NA,2029-01-03,NA,Republican,202-224-3154,senator,Senator,class3,Class 3,junior,Junior,2023-01-03,NC,Sen.,Senator,https://www.budd.senate.gov,304 Russell Senate Office Building Washington DC 20510,https://www.budd.senate.gov/contact/,304 Russell Senate Office Building,NA,,NA,NA,B001305,1971-10-21,103513,NA,Ted,male,Male,Budd,https://www.govtrack.us/congress/members/ted_budd/412712,,Sen. Ted Budd [R-NC],,,N00039551,NA,"Budd, Ted (Sen.) [R-NC]",RepTedBudd,NA
NA,,TRUE,Junior Senator for Arizona,NA,2029-01-03,NA,Democrat,202-224-2235,senator,Senator,class3,Class 3,junior,Junior,2023-01-03,AZ,Sen.,Senator,https://www.kelly.senate.gov,516 Hart Senate Office Building Washington DC 20510,https://www.kelly.senate.gov/contact/contact-form/,516 Hart Senate Office Building,NA,,NA,NA,K000377,1964-02-21,NA,NA,Mark,male,Male,Kelly,https://www.govtrack.us/congress/members/mark_kelly/456794,,Sen. Mark Kelly [D-AZ],,,N00044223,NA,"Kelly, Mark (Sen.) [D-AZ]",SenMarkKelly,NA
NA,,TRUE,Senior Senator for California,NA,2029-01-03,NA,Democrat,202-224-3553,senator,Senator,class3,Class 3,senior,Senior,2023-01-03,CA,Sen.,Senator,https://www.padilla.senate.gov,331 Hart Senate Office Building Washington DC 20510,https://www.padilla.senate.gov/contact/,331 Hart Senate Office Building,NA,,NA,NA,P000145,1973-03-22,NA,NA,Alejandro,male,Male,Padilla,https://www.govtrack.us/congress/members/alejandro_padilla/456856,,Sen. Alejandro “Alex” Padilla [D-CA],,Alex,N00047888,NA,"Padilla, Alejandro “Alex” (Sen.) [D-CA]",SenAlexPadilla,NA
NA,,TRUE,Junior Senator for Georgia,NA,2029-01-03,NA,Democrat,202-224-3643,senator,Senator,class3,Class 3,junior,Junior,2023-01-03,GA,Sen.,Senator,https://www.warnock.senate.gov,416 Russell Senate Office Building Washington DC 20510,https://www.warnock.senate.gov/contact/,416 Russell Senate Office Building,NA,,NA,NA,W000790,1969-07-23,NA,NA,Raphael,male,Male,Warnock,https://www.govtrack.us/congress/members/raphael_warnock/456858,Gamaliel,Sen. Raphael Warnock [D-GA],,,N00046489,NA,"Warnock, Raphael (Sen.) [D-GA]",SenatorWarnock,NA
NA,,TRUE,Junior Senator for Alabama,NA,2029-01-03,NA,Republican,202-224-5744,senator,Senator,class3,Class 3,junior,Junior,2023-01-03,AL,Sen.,Senator,https://www.britt.senate.gov,502 Hart Senate Office Building Washington DC 20510,https://www.britt.senate.gov/contact/,502 Hart Senate Office Building,NA,,NA,NA,B001319,1982-02-02,NA,NA,Katie,female,Female,Britt,https://www.govtrack.us/congress/members/katie_britt/456874,Elizabeth,Sen. Katie Britt [R-AL],,,N00048812,NA,"Britt, Katie (Sen.) [R-AL]",NA,NA
NA,,TRUE,Junior Senator for Missouri,NA,2029-01-03,NA,Republican,202-224-5721,senator,Senator,class3,Class 3,junior,Junior,2023-01-03,MO,Sen.,Senator,https://www.schmitt.senate.gov,387 Russell Senate Office Building Washington DC 20510,https://www.schmitt.senate.gov/contact/,387 Russell Senate Office Building,NA,,NA,NA,S001227,1975-06-20,NA,NA,Eric,male,Male,Schmitt,https://www.govtrack.us/congress/members/eric_schmitt/456875,Stephen,Sen. Eric Schmitt [R-MO],,,N00048414,NA,"Schmitt, Eric (Sen.) [R-MO]",NA,NA
NA,,TRUE,Junior Senator for Ohio,NA,2029-01-03,NA,Republican,202-224-3353,senator,Senator,class3,Class 3,junior,Junior,2023-01-03,OH,Sen.,Senator,https://www.vance.senate.gov,288 Russell Senate Office Building Washington DC 20510,https://www.vance.senate.gov/contact/,288 Russell Senate Office Building,NA,,NA,NA,V000137,1984-08-02,NA,NA,J.D. (James),male,Male,Vance,https://www.govtrack.us/congress/members/jd_james_vance/456876,(David),Sen. J.D. (James) Vance [R-OH],,,N00048832,NA,"Vance, J.D. (James) (Sen.) [R-OH]",NA,NA
NA,,TRUE,Junior Senator for Pennsylvania,NA,2029-01-03,NA,Democrat,202-224-4254,senator,Senator,class3,Class 3,junior,Junior,2023-01-03,PA,Sen.,Senator,https://www.fetterman.senate.gov,142 Russell Senate Office Building Washington DC 20510,https://www.fetterman.senate.gov/contact/,142 Russell Senate Office Building,NA,,NA,NA,F000479,1969-08-15,NA,NA,John,male,Male,Fetterman,https://www.govtrack.us/congress/members/john_fetterman/456877,Karl,Sen. John Fetterman [D-PA],,,N00038201,NA,"Fetterman, John (Sen.) [D-PA]",NA,NA
NA,,TRUE,Junior Senator for Nebraska,NA,2024-11-05,NA,Republican,202-224-4224,senator,Senator,class2,Class 2,junior,Junior,2023-01-23,NE,Sen.,Senator,https://www.ricketts.senate.gov,139 Russell Senate Office Building Washington DC 20510,https://www.ricketts.senate.gov/contact/,139 Russell Senate Office Building,NA,,special-election,appointment,R000618,1964-08-19,61233,NA,Pete,male,Male,Ricketts,https://www.govtrack.us/congress/members/pete_ricketts/456952,,Sen. Pete Ricketts [R-NE],,,N00027695,NA,"Ricketts, Pete (Sen.) [R-NE]",NA,NA
NA,,TRUE,Junior Senator for California,NA,2025-01-03,NA,Democrat,202-224-3841,senator,Senator,class1,Class 1,junior,Junior,2023-10-03,CA,Sen.,Senator,https://www.butler.senate.gov,112 Hart Senate Office Building Washington DC 20510,https://www.butler.senate.gov/share-your-opinion/,112 Hart Senate Office Building,NA,,NA,appointment,B001320,1979-05-11,NA,NA,Laphonza,female,Female,Butler,https://www.govtrack.us/congress/members/laphonza_butler/456954,Romanique,Sen. Laphonza Butler [D-CA],,,NA,NA,"Butler, Laphonza (Sen.) [D-CA]",NA,NA
